0.000000,0.000000
0.001000,0.000000
0.002000,0.000000
0.003000,62.943867
0.004000,127.020031
0.005000,190.290125
0.006000,252.729851
0.007000,314.317246
0.008000,375.037480
0.009000,434.899528
0.010000,493.901302
0.011000,552.044723
0.012000,609.331671
0.013000,665.766412
0.014000,721.353145
0.015000,776.110992
0.016000,830.033199
0.017000,883.124549
0.018000,935.391439
0.019000,986.840912
0.020000,1037.480015
0.021000,1087.316231
0.022000,1136.357044
0.023000,1184.612937
0.024000,1232.093659
0.025000,1278.801696
0.026000,1324.744962
0.027000,1369.931503
0.028000,1414.369363
0.029000,1458.066671
0.030000,1501.031552
0.031000,1543.272178
0.032000,1584.789577
0.033000,1625.597452
0.034000,1665.708850
0.035000,1705.126750
0.036000,1743.859264
0.037000,1781.914501
0.038000,1819.300550
0.039000,1856.025488
0.040000,1892.097365
0.041000,1927.524209
0.042000,1962.314020
0.043000,1996.474771
0.044000,2030.014401
0.045000,2062.942451
0.046000,2095.266917
0.047000,2126.994012
0.048000,2158.131543
0.049000,2188.687279
0.050000,2218.668944
0.051000,2248.084223
0.052000,2276.940757
0.053000,2305.246145
0.054000,2333.007939
0.055000,2360.233648
0.056000,2386.926585
0.057000,2413.056249
0.058000,2438.669500
0.059000,2463.773698
0.060000,2488.376193
0.061000,2512.484436
0.062000,2536.105386
0.063000,2559.246224
0.064000,2581.914087
0.065000,2604.116060
0.066000,2625.859179
0.067000,2647.150430
0.068000,2667.996753
0.069000,2688.405029
0.070000,2708.382096
0.071000,2727.934736
0.072000,2747.069679
0.073000,2765.793604
0.074000,2784.113137
0.075000,2802.034848
0.076000,2819.565257
0.077000,2836.710827
0.078000,2853.477967
0.079000,2869.873030
0.080000,2885.902315
0.081000,2901.572064
0.082000,2916.888463
0.083000,2931.861059
0.084000,2946.492868
0.085000,2960.730971
0.086000,2974.617958
0.087000,2988.179672
0.088000,3001.422049
0.089000,3014.350959
0.090000,3026.972217
0.091000,3039.291576
0.092000,3051.314725
0.093000,3063.047292
0.094000,3074.494846
0.095000,3085.662890
0.096000,3096.556864
0.097000,3107.182145
0.098000,3117.544048
0.099000,3127.647820
0.100000,3137.498647
0.101000,3147.101649
0.102000,3156.461878
0.103000,3165.584324
0.104000,3174.473911
0.105000,3183.135495
0.106000,3191.573866
0.107000,3199.793751
0.108000,3207.799806
0.109000,3215.596624
0.110000,3223.188727
0.111000,3230.580576
0.112000,3237.776558
0.113000,3244.780999
0.114000,3251.598156
0.115000,3258.232219
0.116000,3264.687311
0.117000,3270.967487
0.118000,3277.076741
0.119000,3283.018992
0.120000,3288.798101
0.121000,3294.417858
0.122000,3299.881988
0.123000,3305.194152
0.124000,3310.357943
0.125000,3315.376894
0.126000,3320.254470
0.127000,3324.964195
0.128000,3329.517583
0.129000,3333.939003
0.130000,3338.231733
0.131000,3342.398991
0.132000,3346.443923
0.133000,3350.369710
0.134000,3354.179294
0.135000,3357.875631
0.136000,3361.461622
0.137000,3364.940104
0.138000,3368.313857
0.139000,3371.585597
0.140000,3374.757986
0.141000,3377.833624
0.142000,3380.815055
0.143000,3383.704765
0.144000,3386.505187
0.145000,3389.218695
0.146000,3391.847613
0.147000,3394.394208
0.148000,3396.860695
0.149000,3399.249239
0.150000,3401.561951
0.151000,3403.800894
0.152000,3405.968080
0.153000,3408.065475
0.154000,3410.094994
0.155000,3412.058507
0.156000,3413.957838
0.157000,3415.794765
0.158000,3417.571024
0.159000,3419.288303
0.160000,3420.948252
0.161000,3422.552476
0.162000,3424.102542
0.163000,3425.599974
0.164000,3427.046257
0.165000,3428.442839
0.166000,3429.791131
0.167000,3431.092504
0.168000,3432.348296
0.169000,3433.559807
0.170000,3434.728305
0.171000,3435.855021
0.172000,3436.941157
0.173000,3437.987881
0.174000,3438.996329
0.175000,3439.967606
0.176000,3440.902787
0.177000,3441.802920
0.178000,3442.669021
0.179000,3443.502079
0.180000,3444.303059
0.181000,3445.072894
0.182000,3445.812495
0.183000,3446.522746
0.184000,3447.204506
0.185000,3447.858613
0.186000,3448.485876
0.187000,3449.087087
0.188000,3449.663012
0.189000,3450.214396
0.190000,3450.741965
0.191000,3451.246420
0.192000,3451.728447
0.193000,3452.188707
0.194000,3452.627849
0.195000,3453.046497
0.196000,3453.445260
0.197000,3453.824729
0.198000,3454.185480
0.199000,3454.528066
0.200000,3454.853032
0.201000,3455.160903
0.202000,3455.452188
0.203000,3455.727382
0.204000,3455.986968
0.205000,3456.231412
0.206000,3456.461166
0.207000,3456.676671
0.208000,3456.878355
0.209000,3457.066631
0.210000,3457.241903
0.211000,3457.404559
0.212000,3457.554980
0.213000,3457.693533
0.214000,3457.820575
0.215000,3457.936452
0.216000,3458.041502
0.217000,3458.136048
0.218000,3458.220408
0.219000,3458.294890
0.220000,3458.359790
0.221000,3458.415399
0.222000,3458.461996
0.223000,3458.499853
0.224000,3458.529235
0.225000,3458.550397
0.226000,3458.563588
0.227000,3458.569049
0.228000,3458.567013
0.229000,3458.557707
0.230000,3458.541351
0.231000,3458.518159
0.232000,3458.488338
0.233000,3458.452087
0.234000,3458.409602
0.235000,3458.361072
0.236000,3458.306680
0.237000,3458.246604
0.238000,3458.181014
0.239000,3458.110080
0.240000,3458.033963
0.241000,3457.952819
0.242000,3457.866802
0.243000,3457.776060
0.244000,3457.680735
0.245000,3457.580966
0.246000,3457.476889
0.247000,3457.368633
0.248000,3457.256328
0.249000,3457.140094
0.250000,3457.020050
0.251000,3456.896314
0.252000,3456.768997
0.253000,3456.638206
0.254000,3456.504049
0.255000,3456.366628
0.256000,3456.226040
0.257000,3456.082383
0.258000,3455.935749
0.259000,3455.786229
0.260000,3455.633911
0.261000,3455.478879
0.262000,3455.321216
0.263000,3455.161003
0.264000,3454.998315
0.265000,3454.833229
0.266000,3454.665817
0.267000,3454.496149
0.268000,3454.324296
0.269000,3454.150321
0.270000,3453.974290
0.271000,3453.796266
0.272000,3453.616309
0.273000,3453.434477
0.274000,3453.250828
0.275000,3453.065417
0.276000,3452.878296
0.277000,3452.689518
0.278000,3452.499133
0.279000,3452.307190
0.280000,3452.113737
0.281000,3451.918819
0.282000,3451.722479
0.283000,3451.524762
0.284000,3451.325709
0.285000,3451.125361
0.286000,3450.923757
0.287000,3450.720935
0.288000,3450.516931
0.289000,3450.311783
0.290000,3450.105524
0.291000,3449.898187
0.292000,3449.689807
0.293000,3449.480413
0.294000,3449.270037
0.295000,3449.058708
0.296000,3448.846456
0.297000,3448.633308
0.298000,3448.419292
0.299000,3448.204433
0.300000,3447.988757
0.301000,3447.772289
0.302000,3447.555052
0.303000,3447.337070
0.304000,3447.118366
0.305000,3446.898962
0.306000,3446.678876
0.307000,3446.458132
0.308000,3446.236749
0.309000,3446.014746
0.310000,3445.792141
0.311000,3445.568952
0.312000,3445.345198
0.313000,3445.120896
0.314000,3444.896062
0.315000,3444.670710
0.316000,3444.444859
0.317000,3444.218521
0.318000,3443.991713
0.319000,3443.764449
0.320000,3443.536741
0.321000,3443.308602
0.322000,3443.080048
0.323000,3442.851088
0.324000,3442.621736
0.325000,3442.392003
0.326000,3442.161901
0.327000,3441.931442
0.328000,3441.700634
0.329000,3441.469491
0.330000,3441.238019
0.331000,3441.006230
0.332000,3440.774134
0.333000,3440.541739
0.334000,3440.309054
0.335000,3440.076087
0.336000,3439.842849
0.337000,3439.609345
0.338000,3439.375585
0.339000,3439.141576
0.340000,3438.907325
0.341000,3438.672840
0.342000,3438.438126
0.343000,3438.203192
0.344000,3437.968044
0.345000,3437.732687
0.346000,3437.497129
0.347000,3437.261374
0.348000,3437.025430
0.349000,3436.789301
0.350000,3436.552993
0.351000,3436.316510
0.352000,3436.079860
0.353000,3435.843045
0.354000,3435.606071
0.355000,3435.368943
0.356000,3435.131664
0.357000,3434.894241
0.358000,3434.656676
0.359000,3434.418973
0.360000,3434.181139
0.361000,3433.943174
0.362000,3433.705084
0.363000,3433.466872
0.364000,3433.228542
0.365000,3432.990096
0.366000,3432.751540
0.367000,3432.512873
0.368000,3432.274103
0.369000,3432.035229
0.370000,3431.796258
0.371000,3431.557188
0.372000,3431.318026
0.373000,3431.078770
0.374000,3430.839430
0.375000,3430.599998
0.376000,3430.360489
0.377000,3430.120892
0.378000,3429.881223
0.379000,3429.641469
0.380000,3429.401650
0.381000,3429.161749
0.382000,3428.921788
0.383000,3428.681746
0.384000,3428.441652
0.385000,3428.201476
0.386000,3427.961257
0.387000,3427.720953
0.388000,3427.480618
0.389000,3427.240192
0.390000,3426.999748
0.391000,3426.759204
0.392000,3426.518660
0.393000,3426.278002
0.394000,3426.037365
0.395000,3425.796595
0.396000,3425.555876
0.397000,3425.314995
0.398000,3425.074203
0.399000,3424.833210
0.400000,3424.592358
0.401000,3424.351249
0.402000,3424.110351
0.403000,3423.869117
0.404000,3423.628195
0.405000,3423.386821
0.406000,3423.145899
0.407000,3422.904364
0.408000,3422.663476
0.409000,3422.421749
0.410000,3422.180940
0.411000,3421.938973
0.412000,3421.698310
0.413000,3421.456031
0.414000,3421.215605
0.415000,3420.972911
0.416000,3420.732852
0.417000,3420.489594
0.418000,3420.250088
0.419000,3420.006048
0.420000,3419.767364
0.421000,3419.522223
0.422000,3419.284750
0.423000,3419.038044
0.424000,3418.802347
0.425000,3418.553398
0.426000,3418.320304
0.427000,3418.068115
0.428000,3417.838836
0.429000,3417.581941
0.430000,3417.358261
0.431000,3417.115323
0.432000,3416.870473
0.433000,3416.623767
0.434000,3416.375262
0.435000,3416.125009
0.436000,3415.873061
0.437000,3415.619468
0.438000,3415.364278
0.439000,3415.107538
0.440000,3414.849294
0.441000,3414.589590
0.442000,3414.328470
0.443000,3414.065976
0.444000,3413.802146
0.445000,3413.537022
0.446000,3413.270641
0.447000,3413.003040
0.448000,3412.734255
0.449000,3412.464322
0.450000,3412.193272
0.451000,3411.921140
0.452000,3411.647958
0.453000,3411.373756
0.454000,3411.098564
0.455000,3410.822412
0.456000,3410.545326
0.457000,3410.267335
0.458000,3409.988466
0.459000,3409.708744
0.460000,3409.428194
0.461000,3409.146841
0.462000,3408.864707
0.463000,3408.581815
0.464000,3408.298189
0.465000,3408.013848
0.466000,3407.728815
0.467000,3407.443110
0.468000,3407.156751
0.469000,3406.869758
0.470000,3406.582149
0.471000,3406.293943
0.472000,3406.005157
0.473000,3405.715808
0.474000,3405.425911
0.475000,3405.135483
0.476000,3404.844539
0.477000,3404.553096
0.478000,3404.261165
0.479000,3403.968762
0.480000,3403.675901
0.481000,3403.382594
0.482000,3403.088854
0.483000,3402.794695
0.484000,3402.500128
0.485000,3402.205164
0.486000,3401.909817
0.487000,3401.614095
0.488000,3401.318010
0.489000,3401.021572
0.490000,3400.724792
0.491000,3400.427679
0.492000,3400.130243
0.493000,3399.832493
0.494000,3399.534438
0.495000,3399.236086
0.496000,3398.937446
0.497000,3398.638527
0.498000,3398.339335
0.499000,3398.039880
0.500000,3397.740167
0.501000,3397.440205
0.502000,3397.140000
0.503000,3396.839560
0.504000,3396.538890
0.505000,3396.237999
0.506000,3395.936889
0.507000,3395.635570
0.508000,3395.334047
0.509000,3395.032325
0.510000,3394.730409
0.511000,3394.428304
0.512000,3394.126018
0.513000,3393.823553
0.514000,3393.520916
0.515000,3393.218110
0.516000,3392.915141
0.517000,3392.612012
0.518000,3392.308729
0.519000,3392.005295
0.520000,3391.701715
0.521000,3391.397992
0.522000,3391.094131
0.523000,3390.790134
0.524000,3390.486006
0.525000,3390.181750
0.526000,3389.877370
0.527000,3389.572869
0.528000,3389.268249
0.529000,3388.963515
0.530000,3388.658669
0.531000,3388.353714
0.532000,3388.048653
0.533000,3387.743489
0.534000,3387.438224
0.535000,3387.132861
0.536000,3386.827402
0.537000,3386.521850
0.538000,3386.216208
0.539000,3385.910476
0.540000,3385.604660
0.541000,3385.298759
0.542000,3384.992776
0.543000,3384.686713
0.544000,3384.380572
0.545000,3384.074355
0.546000,3383.768063
0.547000,3383.461700
0.548000,3383.155266
0.549000,3382.848763
0.550000,3382.542193
0.551000,3382.235557
0.552000,3381.928857
0.553000,3381.622095
0.554000,3381.315271
0.555000,3381.008388
0.556000,3380.701446
0.557000,3380.394448
0.558000,3380.087393
0.559000,3379.780285
0.560000,3379.473123
0.561000,3379.165909
0.562000,3378.858644
0.563000,3378.551330
0.564000,3378.243967
0.565000,3377.936556
0.566000,3377.629099
0.567000,3377.321596
0.568000,3377.014048
0.569000,3376.706457
0.570000,3376.398823
0.571000,3376.091146
0.572000,3375.783429
0.573000,3375.475672
0.574000,3375.167875
0.575000,3374.860040
0.576000,3374.552166
0.577000,3374.244255
0.578000,3373.936308
0.579000,3373.628325
0.580000,3373.320307
0.581000,3373.012254
0.582000,3372.704168
0.583000,3372.396049
0.584000,3372.087895
0.585000,3371.779712
0.586000,3371.471496
0.587000,3371.163249
0.588000,3370.854971
0.589000,3370.546664
0.590000,3370.238328
0.591000,3369.929962
0.592000,3369.621568
0.593000,3369.313146
0.594000,3369.004696
0.595000,3368.696220
0.596000,3368.387716
0.597000,3368.079186
0.598000,3367.770630
0.599000,3367.462048
0.600000,3367.153442
0.601000,3366.844811
0.602000,3366.536155
0.603000,3366.227474
0.604000,3365.918771
0.605000,3365.610043
0.606000,3365.301292
0.607000,3364.992519
0.608000,3364.683722
0.609000,3364.374904
0.610000,3364.066063
0.611000,3363.757200
0.612000,3363.448316
0.613000,3363.139411
0.614000,3362.830484
0.615000,3362.521536
0.616000,3362.212569
0.617000,3361.903581
0.618000,3361.594572
0.619000,3361.285544
0.620000,3360.976496
0.621000,3360.667427
0.622000,3360.358341
0.623000,3360.049234
0.624000,3359.740109
0.625000,3359.430965
0.626000,3359.121802
0.627000,3358.812620
0.628000,3358.503421
0.629000,3358.194203
0.630000,3357.884967
0.631000,3357.575713
0.632000,3357.266442
0.633000,3356.957153
0.634000,3356.647846
0.635000,3356.338522
0.636000,3356.029180
0.637000,3355.719823
0.638000,3355.410448
0.639000,3355.101055
0.640000,3354.791646
0.641000,3354.482220
0.642000,3354.172779
0.643000,3353.863320
0.644000,3353.553845
0.645000,3353.244354
0.646000,3352.934846
0.647000,3352.625323
0.648000,3352.315784
0.649000,3352.006229
0.650000,3351.696658
0.651000,3351.387071
0.652000,3351.077469
0.653000,3350.767850
0.654000,3350.458218
0.655000,3350.148568
0.656000,3349.838904
0.657000,3349.529224
0.658000,3349.219529
0.659000,3348.909820
0.660000,3348.600095
0.661000,3348.290355
0.662000,3347.980600
0.663000,3347.670830
0.664000,3347.361045
0.665000,3347.051246
0.666000,3346.741431
0.667000,3346.431602
0.668000,3346.121758
0.669000,3345.811900
0.670000,3345.502027
0.671000,3345.192139
0.672000,3344.882238
0.673000,3344.572321
0.674000,3344.262391
0.675000,3343.952445
0.676000,3343.642486
0.677000,3343.332512
0.678000,3343.022525
0.679000,3342.712522
0.680000,3342.402506
0.681000,3342.092475
0.682000,3341.782431
0.683000,3341.472372
0.684000,3341.162300
0.685000,3340.852213
0.686000,3340.542112
0.687000,3340.231998
0.688000,3339.921869
0.689000,3339.611726
0.690000,3339.301570
0.691000,3338.991400
0.692000,3338.681216
0.693000,3338.371018
0.694000,3338.060806
0.695000,3337.750581
0.696000,3337.440342
0.697000,3337.130089
0.698000,3336.819876
0.699000,3336.509649
0.700000,3336.199407
0.701000,3335.889150
0.702000,3335.578879
0.703000,3335.268593
0.704000,3334.958293
0.705000,3334.647979
0.706000,3334.337650
0.707000,3334.027306
0.708000,3333.716948
0.709000,3333.406576
0.710000,3333.096190
0.711000,3332.785788
0.712000,3332.475374
0.713000,3332.164945
0.714000,3331.854502
0.715000,3331.544045
0.716000,3331.233574
0.717000,3330.923088
0.718000,3330.612589
0.719000,3330.302077
0.720000,3329.991549
0.721000,3329.681009
0.722000,3329.370454
0.723000,3329.059885
0.724000,3328.749302
0.725000,3328.438707
0.726000,3328.128096
0.727000,3327.817472
0.728000,3327.506835
0.729000,3327.196184
0.730000,3326.885519
0.731000,3326.574841
0.732000,3326.264149
0.733000,3325.953443
0.734000,3325.642723
0.735000,3325.331991
0.736000,3325.021244
0.737000,3324.710484
0.738000,3324.399711
0.739000,3324.088924
0.740000,3323.778123
0.741000,3323.467310
0.742000,3323.156482
0.743000,3322.845641
0.744000,3322.534787
0.745000,3322.223920
0.746000,3321.913038
0.747000,3321.602144
0.748000,3321.291236
0.749000,3320.980315
0.750000,3320.669380
0.751000,3320.358433
0.752000,3320.047472
0.753000,3319.736498
0.754000,3319.425510
0.755000,3319.114508
0.756000,3318.803494
0.757000,3318.492466
0.758000,3318.181426
0.759000,3317.870372
0.760000,3317.559305
0.761000,3317.248224
0.762000,3316.937130
0.763000,3316.626024
0.764000,3316.314904
0.765000,3316.003770
0.766000,3315.692624
0.767000,3315.381465
0.768000,3315.070292
0.769000,3314.759106
0.770000,3314.447907
0.771000,3314.136695
0.772000,3313.825469
0.773000,3313.514231
0.774000,3313.202979
0.775000,3312.891714
0.776000,3312.580437
0.777000,3312.269146
0.778000,3311.957842
0.779000,3311.646525
0.780000,3311.335195
0.781000,3311.023852
0.782000,3310.712495
0.783000,3310.401126
0.784000,3310.089744
0.785000,3309.778349
0.786000,3309.466940
0.787000,3309.155519
0.788000,3308.844084
0.789000,3308.532636
0.790000,3308.221176
0.791000,3307.909703
0.792000,3307.598216
0.793000,3307.286717
0.794000,3306.975204
0.795000,3306.663679
0.796000,3306.352140
0.797000,3306.040588
0.798000,3305.729024
0.799000,3305.417446
0.800000,3305.105855
0.801000,3304.794251
0.802000,3304.482636
0.803000,3304.171006
0.804000,3303.859364
0.805000,3303.547708
0.806000,3303.236040
0.807000,3302.924359
0.808000,3302.612664
0.809000,3302.300957
0.810000,3301.989237
0.811000,3301.677504
0.812000,3301.365758
0.813000,3301.053999
0.814000,3300.742227
0.815000,3300.430442
0.816000,3300.118645
0.817000,3299.806834
0.818000,3299.495010
0.819000,3299.183174
0.820000,3298.871324
0.821000,3298.559461
0.822000,3298.247586
0.823000,3297.935698
0.824000,3297.623798
0.825000,3297.311883
0.826000,3296.999956
0.827000,3296.688016
0.828000,3296.376064
0.829000,3296.064099
0.830000,3295.752121
0.831000,3295.440129
0.832000,3295.128125
0.833000,3294.816107
0.834000,3294.504077
0.835000,3294.192035
0.836000,3293.879979
0.837000,3293.567910
0.838000,3293.255829
0.839000,3292.943735
0.840000,3292.631628
0.841000,3292.319508
0.842000,3292.007374
0.843000,3291.695229
0.844000,3291.383070
0.845000,3291.070899
0.846000,3290.758714
0.847000,3290.446517
0.848000,3290.134307
0.849000,3289.822084
0.850000,3289.509848
0.851000,3289.197600
0.852000,3288.885339
0.853000,3288.573064
0.854000,3288.260776
0.855000,3287.948477
0.856000,3287.636164
0.857000,3287.323838
0.858000,3287.011500
0.859000,3286.699149
0.860000,3286.386785
0.861000,3286.074407
0.862000,3285.762018
0.863000,3285.449616
0.864000,3285.137200
0.865000,3284.824771
0.866000,3284.512331
0.867000,3284.199877
0.868000,3283.887410
0.869000,3283.574930
0.870000,3283.262438
0.871000,3282.949933
0.872000,3282.637415
0.873000,3282.324885
0.874000,3282.012341
0.875000,3281.699785
0.876000,3281.387216
0.877000,3281.074633
0.878000,3280.762039
0.879000,3280.449431
0.880000,3280.136811
0.881000,3279.824178
0.882000,3279.511532
0.883000,3279.198873
0.884000,3278.886201
0.885000,3278.573517
0.886000,3278.260820
0.887000,3277.948111
0.888000,3277.635388
0.889000,3277.322652
0.890000,3277.009904
0.891000,3276.697143
0.892000,3276.384369
0.893000,3276.071583
0.894000,3275.758784
0.895000,3275.445972
0.896000,3275.133146
0.897000,3274.820309
0.898000,3274.507459
0.899000,3274.194595
0.900000,3273.881719
0.901000,3273.568831
0.902000,3273.255929
0.903000,3272.943015
0.904000,3272.630088
0.905000,3272.317148
0.906000,3272.004196
0.907000,3271.691230
0.908000,3271.378252
0.909000,3271.065262
0.910000,3270.752258
0.911000,3270.439242
0.912000,3270.126213
0.913000,3269.813171
0.914000,3269.500116
0.915000,3269.187049
0.916000,3268.873970
0.917000,3268.560876
0.918000,3268.247771
0.919000,3267.934653
0.920000,3267.621522
0.921000,3267.308378
0.922000,3266.995222
0.923000,3266.682053
0.924000,3266.368871
0.925000,3266.055677
0.926000,3265.742469
0.927000,3265.429249
0.928000,3265.116016
0.929000,3264.802771
0.930000,3264.489512
0.931000,3264.176242
0.932000,3263.862957
0.933000,3263.549661
0.934000,3263.236352
0.935000,3262.923030
0.936000,3262.609696
0.937000,3262.296348
0.938000,3261.982988
0.939000,3261.669615
0.940000,3261.356230
0.941000,3261.042832
0.942000,3260.729421
0.943000,3260.415997
0.944000,3260.102561
0.945000,3259.789112
0.946000,3259.475651
0.947000,3259.162177
0.948000,3258.848689
0.949000,3258.535189
0.950000,3258.221677
0.951000,3257.908152
0.952000,3257.594614
0.953000,3257.281064
0.954000,3256.967500
0.955000,3256.653924
0.956000,3256.340335
0.957000,3256.026734
0.958000,3255.713121
0.959000,3255.399493
0.960000,3255.085854
0.961000,3254.772202
0.962000,3254.458538
0.963000,3254.144860
0.964000,3253.831170
0.965000,3253.517468
0.966000,3253.203752
0.967000,3252.890024
0.968000,3252.576283
0.969000,3252.262529
0.970000,3251.948763
0.971000,3251.634985
0.972000,3251.321193
0.973000,3251.007389
0.974000,3250.693572
0.975000,3250.379743
0.976000,3250.065901
0.977000,3249.752046
0.978000,3249.438178
0.979000,3249.124298
0.980000,3248.810406
0.981000,3248.496500
0.982000,3248.182582
0.983000,3247.868651
0.984000,3247.554707
0.985000,3247.240751
0.986000,3246.926783
0.987000,3246.612801
0.988000,3246.298808
0.989000,3245.984801
0.990000,3245.670782
0.991000,3245.356749
0.992000,3245.042705
0.993000,3244.728648
0.994000,3244.414578
0.995000,3244.100495
0.996000,3243.786400
0.997000,3243.472293
0.998000,3243.158172
0.999000,3242.844039
1.000000,3242.529893
1.001000,3242.215735
1.002000,3241.901564
1.003000,3241.587380
1.004000,3241.273184
1.005000,3240.958975
1.006000,3240.644754
1.007000,3240.330520
1.008000,3240.016273
1.009000,3239.702014
1.010000,3239.387742
1.011000,3239.073457
1.012000,3238.759160
1.013000,3238.444850
1.014000,3238.130528
1.015000,3237.816193
1.016000,3237.501845
1.017000,3237.187484
1.018000,3236.873112
1.019000,3236.558727
1.020000,3236.244329
1.021000,3235.929918
1.022000,3235.615494
1.023000,3235.301058
1.024000,3234.986610
1.025000,3234.672148
1.026000,3234.357675
1.027000,3234.043188
1.028000,3233.728690
1.029000,3233.414178
1.030000,3233.099654
1.031000,3232.785118
1.032000,3232.470568
1.033000,3232.156006
1.034000,3231.841431
1.035000,3231.526845
1.036000,3231.212245
1.037000,3230.897632
1.038000,3230.583008
1.039000,3230.268370
1.040000,3229.953720
1.041000,3229.639058
1.042000,3229.324383
1.043000,3229.009695
1.044000,3228.694995
1.045000,3228.380282
1.046000,3228.065556
1.047000,3227.750818
1.048000,3227.436068
1.049000,3227.121304
1.050000,3226.806529
1.051000,3226.491741
1.052000,3226.176940
1.053000,3225.862126
1.054000,3225.547300
1.055000,3225.232461
1.056000,3224.917610
1.057000,3224.602746
1.058000,3224.287870
1.059000,3223.972981
1.060000,3223.658079
1.061000,3223.343165
1.062000,3223.028239
1.063000,3222.713300
1.064000,3222.398349
1.065000,3222.083384
1.066000,3221.768408
1.067000,3221.453418
1.068000,3221.138416
1.069000,3220.823402
1.070000,3220.508375
1.071000,3220.193336
1.072000,3219.878283
1.073000,3219.563219
1.074000,3219.248142
1.075000,3218.933052
1.076000,3218.617950
1.077000,3218.302835
1.078000,3217.987708
1.079000,3217.672568
1.080000,3217.357416
1.081000,3217.042251
1.082000,3216.727073
1.083000,3216.411884
1.084000,3216.096681
1.085000,3215.781466
1.086000,3215.466238
1.087000,3215.150999
1.088000,3214.835746
1.089000,3214.520481
1.090000,3214.205203
1.091000,3213.889913
1.092000,3213.574610
1.093000,3213.259295
1.094000,3212.943967
1.095000,3212.628627
1.096000,3212.313275
1.097000,3211.997909
1.098000,3211.682531
1.099000,3211.367141
1.100000,3211.051739
1.101000,3210.736323
1.102000,3210.420895
1.103000,3210.105455
1.104000,3209.790002
1.105000,3209.474537
1.106000,3209.159059
1.107000,3208.843569
1.108000,3208.528066
1.109000,3208.212551
1.110000,3207.897023
1.111000,3207.581483
1.112000,3207.265930
1.113000,3206.950365
1.114000,3206.634787
1.115000,3206.319196
1.116000,3206.003594
1.117000,3205.687979
1.118000,3205.372351
1.119000,3205.056710
1.120000,3204.741057
1.121000,3204.425392
1.122000,3204.109715
1.123000,3203.794025
1.124000,3203.478322
1.125000,3203.162607
1.126000,3202.846879
1.127000,3202.531139
1.128000,3202.215386
1.129000,3201.899621
1.130000,3201.583844
1.131000,3201.268053
1.132000,3200.952251
1.133000,3200.636436
1.134000,3200.320609
1.135000,3200.004769
1.136000,3199.688917
1.137000,3199.373052
1.138000,3199.057175
1.139000,3198.741285
1.140000,3198.425382
1.141000,3198.109468
1.142000,3197.793541
1.143000,3197.477601
1.144000,3197.161649
1.145000,3196.845685
1.146000,3196.529707
1.147000,3196.213718
1.148000,3195.897716
1.149000,3195.581702
1.150000,3195.265675
1.151000,3194.949635
1.152000,3194.633584
1.153000,3194.317520
1.154000,3194.001443
1.155000,3193.685355
1.156000,3193.369253
1.157000,3193.053139
1.158000,3192.737012
1.159000,3192.420874
1.160000,3192.104723
1.161000,3191.788559
1.162000,3191.472383
1.163000,3191.156194
1.164000,3190.839993
1.165000,3190.523780
1.166000,3190.207554
1.167000,3189.891316
1.168000,3189.575065
1.169000,3189.258802
1.170000,3188.942526
1.171000,3188.626238
1.172000,3188.309938
1.173000,3187.993626
1.174000,3187.677300
1.175000,3187.360962
1.176000,3187.044612
1.177000,3186.728249
1.178000,3186.411875
1.179000,3186.095487
1.180000,3185.779087
1.181000,3185.462676
1.182000,3185.146251
1.183000,3184.829813
1.184000,3184.513364
1.185000,3184.196903
1.186000,3183.880428
1.187000,3183.563942
1.188000,3183.247442
1.189000,3182.930931
1.190000,3182.614407
1.191000,3182.297871
1.192000,3181.981322
1.193000,3181.664761
1.194000,3181.348188
1.195000,3181.031602
1.196000,3180.715003
1.197000,3180.398393
1.198000,3180.081769
1.199000,3179.765134
1.200000,3179.448486
1.201000,3179.131826
1.202000,3178.815154
1.203000,3178.498469
1.204000,3178.181771
1.205000,3177.865061
1.206000,3177.548339
1.207000,3177.231605
1.208000,3176.914857
1.209000,3176.598098
1.210000,3176.281327
1.211000,3175.964543
1.212000,3175.647746
1.213000,3175.330938
1.214000,3175.014116
1.215000,3174.697282
1.216000,3174.380436
1.217000,3174.063578
1.218000,3173.746708
1.219000,3173.429824
1.220000,3173.112929
1.221000,3172.796021
1.222000,3172.479101
1.223000,3172.162168
1.224000,3171.845224
1.225000,3171.528266
1.226000,3171.211296
1.227000,3170.894314
1.228000,3170.577320
1.229000,3170.260313
1.230000,3169.943294
1.231000,3169.626263
1.232000,3169.309219
1.233000,3168.992163
1.234000,3168.675094
1.235000,3168.358013
1.236000,3168.040920
1.237000,3167.723814
1.238000,3167.406696
1.239000,3167.089566
1.240000,3166.772424
1.241000,3166.455268
1.242000,3166.138101
1.243000,3165.820922
1.244000,3165.503730
1.245000,3165.186525
1.246000,3164.869308
1.247000,3164.552079
1.248000,3164.234838
1.249000,3163.917585
1.250000,3163.600318
1.251000,3163.283040
1.252000,3162.965750
1.253000,3162.648446
1.254000,3162.331131
1.255000,3162.013803
1.256000,3161.696463
1.257000,3161.379111
1.258000,3161.061746
1.259000,3160.744369
1.260000,3160.426980
1.261000,3160.109578
1.262000,3159.792164
1.263000,3159.474738
1.264000,3159.157299
1.265000,3158.839848
1.266000,3158.522385
1.267000,3158.204910
1.268000,3157.887421
1.269000,3157.569922
1.270000,3157.252409
1.271000,3156.934884
1.272000,3156.617347
1.273000,3156.299797
1.274000,3155.982235
1.275000,3155.664662
1.276000,3155.347075
1.277000,3155.029476
1.278000,3154.711865
1.279000,3154.394242
1.280000,3154.076607
1.281000,3153.758958
1.282000,3153.441298
1.283000,3153.123626
1.284000,3152.805941
1.285000,3152.488244
1.286000,3152.170535
1.287000,3151.852813
1.288000,3151.535079
1.289000,3151.217333
1.290000,3150.899575
1.291000,3150.581803
1.292000,3150.264020
1.293000,3149.946225
1.294000,3149.628417
1.295000,3149.310597
1.296000,3148.992764
1.297000,3148.674921
1.298000,3148.357063
1.299000,3148.039195
1.300000,3147.721312
1.301000,3147.403419
1.302000,3147.085513
1.303000,3146.767595
1.304000,3146.449665
1.305000,3146.131721
1.306000,3145.813766
1.307000,3145.495799
1.308000,3145.177819
1.309000,3144.859827
1.310000,3144.541824
1.311000,3144.223807
1.312000,3143.905779
1.313000,3143.587738
1.314000,3143.269684
1.315000,3142.951619
1.316000,3142.633541
1.317000,3142.315451
1.318000,3141.997349
1.319000,3141.679234
1.320000,3141.361107
1.321000,3141.042969
1.322000,3140.724817
1.323000,3140.406654
1.324000,3140.088478
1.325000,3139.770290
1.326000,3139.452089
1.327000,3139.133877
1.328000,3138.815652
1.329000,3138.497415
1.330000,3138.179166
1.331000,3137.860904
1.332000,3137.542630
1.333000,3137.224344
1.334000,3136.906046
1.335000,3136.587735
1.336000,3136.269413
1.337000,3135.951078
1.338000,3135.632731
1.339000,3135.314371
1.340000,3134.995999
1.341000,3134.677615
1.342000,3134.359219
1.343000,3134.040811
1.344000,3133.722390
1.345000,3133.403957
1.346000,3133.085512
1.347000,3132.767055
1.348000,3132.448585
1.349000,3132.130103
1.350000,3131.811609
1.351000,3131.493103
1.352000,3131.174584
1.353000,3130.856054
1.354000,3130.537511
1.355000,3130.218956
1.356000,3129.900388
1.357000,3129.581809
1.358000,3129.263217
1.359000,3128.944613
1.360000,3128.625997
1.361000,3128.307368
1.362000,3127.988728
1.363000,3127.670075
1.364000,3127.351410
1.365000,3127.032732
1.366000,3126.714043
1.367000,3126.395341
1.368000,3126.076628
1.369000,3125.757901
1.370000,3125.439163
1.371000,3125.120412
1.372000,3124.801650
1.373000,3124.482875
1.374000,3124.164088
1.375000,3123.845288
1.376000,3123.526477
1.377000,3123.207653
1.378000,3122.888817
1.379000,3122.569969
1.380000,3122.251109
1.381000,3121.932237
1.382000,3121.613352
1.383000,3121.294455
1.384000,3120.975546
1.385000,3120.656625
1.386000,3120.337691
1.387000,3120.018746
1.388000,3119.699787
1.389000,3119.380818
1.390000,3119.061835
1.391000,3118.742841
1.392000,3118.423835
1.393000,3118.104816
1.394000,3117.785785
1.395000,3117.466742
1.396000,3117.147687
1.397000,3116.828619
1.398000,3116.509539
1.399000,3116.190448
1.400000,3115.871344
1.401000,3115.552228
1.402000,3115.233099
1.403000,3114.913959
1.404000,3114.594806
1.405000,3114.275642
1.406000,3113.956465
1.407000,3113.637275
1.408000,3113.318074
1.409000,3112.998861
1.410000,3112.679636
1.411000,3112.360398
1.412000,3112.041148
1.413000,3111.721885
1.414000,3111.402612
1.415000,3111.083325
1.416000,3110.764026
1.417000,3110.444715
1.418000,3110.125393
1.419000,3109.806058
1.420000,3109.486711
1.421000,3109.167352
1.422000,3108.847980
1.423000,3108.528596
1.424000,3108.209201
1.425000,3107.889793
1.426000,3107.570372
1.427000,3107.250941
1.428000,3106.931496
1.429000,3106.612040
1.430000,3106.292571
1.431000,3105.973091
1.432000,3105.653598
1.433000,3105.334092
1.434000,3105.014575
1.435000,3104.695046
1.436000,3104.375505
1.437000,3104.055951
1.438000,3103.736385
1.439000,3103.416807
1.440000,3103.097218
1.441000,3102.777615
1.442000,3102.458001
1.443000,3102.138375
1.444000,3101.818736
1.445000,3101.499086
1.446000,3101.179423
1.447000,3100.859748
1.448000,3100.540061
1.449000,3100.220362
1.450000,3099.900651
1.451000,3099.580927
1.452000,3099.261192
1.453000,3098.941444
1.454000,3098.621685
1.455000,3098.301913
1.456000,3097.982129
1.457000,3097.662333
1.458000,3097.342525
1.459000,3097.022705
1.460000,3096.702873
1.461000,3096.383028
1.462000,3096.063172
1.463000,3095.743302
1.464000,3095.423422
1.465000,3095.103529
1.466000,3094.783624
1.467000,3094.463707
1.468000,3094.143777
1.469000,3093.823837
1.470000,3093.503883
1.471000,3093.183918
1.472000,3092.863940
1.473000,3092.543951
1.474000,3092.223949
1.475000,3091.903935
1.476000,3091.583909
1.477000,3091.263870
1.478000,3090.943821
1.479000,3090.623758
1.480000,3090.303684
1.481000,3089.983598
1.482000,3089.663499
1.483000,3089.343389
1.484000,3089.023266
1.485000,3088.703131
1.486000,3088.382984
1.487000,3088.062826
1.488000,3087.742654
1.489000,3087.422471
1.490000,3087.102276
1.491000,3086.782069
1.492000,3086.461850
1.493000,3086.141618
1.494000,3085.821375
1.495000,3085.501119
1.496000,3085.180851
1.497000,3084.860572
1.498000,3084.540280
1.499000,3084.219977
1.500000,3083.899661
1.501000,3083.579332
1.502000,3083.258993
1.503000,3082.938641
1.504000,3082.618276
1.505000,3082.297900
1.506000,3081.977512
1.507000,3081.657112
1.508000,3081.336699
1.509000,3081.016275
1.510000,3080.695838
1.511000,3080.375390
1.512000,3080.054929
1.513000,3079.734456
1.514000,3079.413972
1.515000,3079.093475
1.516000,3078.772966
1.517000,3078.452445
1.518000,3078.131912
1.519000,3077.811367
1.520000,3077.490810
1.521000,3077.170241
1.522000,3076.849660
1.523000,3076.529067
1.524000,3076.208461
1.525000,3075.887844
1.526000,3075.567214
1.527000,3075.246573
1.528000,3074.925920
1.529000,3074.605255
1.530000,3074.284577
1.531000,3073.963888
1.532000,3073.643186
1.533000,3073.322472
1.534000,3073.001747
1.535000,3072.681010
1.536000,3072.360260
1.537000,3072.039498
1.538000,3071.718724
1.539000,3071.397938
1.540000,3071.077141
1.541000,3070.756331
1.542000,3070.435509
1.543000,3070.114675
1.544000,3069.793829
1.545000,3069.472971
1.546000,3069.152101
1.547000,3068.831219
1.548000,3068.510326
1.549000,3068.189419
1.550000,3067.868502
1.551000,3067.547572
1.552000,3067.226629
1.553000,3066.905675
1.554000,3066.584709
1.555000,3066.263731
1.556000,3065.942741
1.557000,3065.621738
1.558000,3065.300725
1.559000,3064.979699
1.560000,3064.658660
1.561000,3064.337610
1.562000,3064.016548
1.563000,3063.695474
1.564000,3063.374388
1.565000,3063.053289
1.566000,3062.732180
1.567000,3062.411057
1.568000,3062.089923
1.569000,3061.768777
1.570000,3061.447619
1.571000,3061.126449
1.572000,3060.805266
1.573000,3060.484072
1.574000,3060.162866
1.575000,3059.841648
1.576000,3059.520418
1.577000,3059.199176
1.578000,3058.877922
1.579000,3058.556655
1.580000,3058.235377
1.581000,3057.914087
1.582000,3057.592785
1.583000,3057.271471
1.584000,3056.950145
1.585000,3056.628806
1.586000,3056.307457
1.587000,3055.986095
1.588000,3055.664721
1.589000,3055.343334
1.590000,3055.021937
1.591000,3054.700527
1.592000,3054.379105
1.593000,3054.057671
1.594000,3053.736225
1.595000,3053.414768
1.596000,3053.093298
1.597000,3052.771816
1.598000,3052.450322
1.599000,3052.128816
1.600000,3051.807299
1.601000,3051.485769
1.602000,3051.164228
1.603000,3050.842674
1.604000,3050.521109
1.605000,3050.199531
1.606000,3049.877942
1.607000,3049.556340
1.608000,3049.234727
1.609000,3048.913101
1.610000,3048.591464
1.611000,3048.269815
1.612000,3047.948153
1.613000,3047.626480
1.614000,3047.304795
1.615000,3046.983098
1.616000,3046.661389
1.617000,3046.339668
1.618000,3046.017935
1.619000,3045.696191
1.620000,3045.374433
1.621000,3045.052665
1.622000,3044.730884
1.623000,3044.409091
1.624000,3044.087287
1.625000,3043.765470
1.626000,3043.443641
1.627000,3043.121801
1.628000,3042.799948
1.629000,3042.478084
1.630000,3042.156208
1.631000,3041.834319
1.632000,3041.512419
1.633000,3041.190507
1.634000,3040.868583
1.635000,3040.546648
1.636000,3040.224700
1.637000,3039.902739
1.638000,3039.580768
1.639000,3039.258784
1.640000,3038.936788
1.641000,3038.614781
1.642000,3038.292761
1.643000,3037.970730
1.644000,3037.648686
1.645000,3037.326632
1.646000,3037.004564
1.647000,3036.682485
1.648000,3036.360394
1.649000,3036.038291
1.650000,3035.716176
1.651000,3035.394050
1.652000,3035.071911
1.653000,3034.749760
1.654000,3034.427597
1.655000,3034.105423
1.656000,3033.783237
1.657000,3033.461038
1.658000,3033.138828
1.659000,3032.816606
1.660000,3032.494371
1.661000,3032.172125
1.662000,3031.849868
1.663000,3031.527598
1.664000,3031.205317
1.665000,3030.883023
1.666000,3030.560718
1.667000,3030.238400
1.668000,3029.916071
1.669000,3029.593729
1.670000,3029.271376
1.671000,3028.949011
1.672000,3028.626634
1.673000,3028.304245
1.674000,3027.981845
1.675000,3027.659432
1.676000,3027.337008
1.677000,3027.014572
1.678000,3026.692124
1.679000,3026.369663
1.680000,3026.047191
1.681000,3025.724707
1.682000,3025.402211
1.683000,3025.079703
1.684000,3024.757184
1.685000,3024.434652
1.686000,3024.112109
1.687000,3023.789554
1.688000,3023.466986
1.689000,3023.144407
1.690000,3022.821816
1.691000,3022.499214
1.692000,3022.176599
1.693000,3021.853972
1.694000,3021.531334
1.695000,3021.208683
1.696000,3020.886021
1.697000,3020.563347
1.698000,3020.240661
1.699000,3019.917964
1.700000,3019.595253
1.701000,3019.272532
1.702000,3018.949798
1.703000,3018.627053
1.704000,3018.304296
1.705000,3017.981527
1.706000,3017.658746
1.707000,3017.335953
1.708000,3017.013149
1.709000,3016.690332
1.710000,3016.367503
1.711000,3016.044663
1.712000,3015.721811
1.713000,3015.398947
1.714000,3015.076071
1.715000,3014.753183
1.716000,3014.430285
1.717000,3014.107373
1.718000,3013.784449
1.719000,3013.461514
1.720000,3013.138568
1.721000,3012.815608
1.722000,3012.492638
1.723000,3012.169655
1.724000,3011.846661
1.725000,3011.523654
1.726000,3011.200636
1.727000,3010.877607
1.728000,3010.554565
1.729000,3010.231511
1.730000,3009.908445
1.731000,3009.585368
1.732000,3009.262279
1.733000,3008.939178
1.734000,3008.616065
1.735000,3008.292940
1.736000,3007.969804
1.737000,3007.646656
1.738000,3007.323496
1.739000,3007.000323
1.740000,3006.677140
1.741000,3006.353943
1.742000,3006.030736
1.743000,3005.707517
1.744000,3005.384285
1.745000,3005.061042
1.746000,3004.737787
1.747000,3004.414521
1.748000,3004.091242
1.749000,3003.767952
1.750000,3003.444650
1.751000,3003.121335
1.752000,3002.798010
1.753000,3002.474672
1.754000,3002.151322
1.755000,3001.827961
1.756000,3001.504588
1.757000,3001.181203
1.758000,3000.857807
1.759000,3000.534398
1.760000,3000.210977
1.761000,2999.887545
1.762000,2999.564101
1.763000,2999.240645
1.764000,2998.917178
1.765000,2998.593698
1.766000,2998.270207
1.767000,2997.946704
1.768000,2997.623189
1.769000,2997.299662
1.770000,2996.976124
1.771000,2996.652573
1.772000,2996.329011
1.773000,2996.005436
1.774000,2995.681851
1.775000,2995.358253
1.776000,2995.034644
1.777000,2994.711023
1.778000,2994.387390
1.779000,2994.063745
1.780000,2993.740089
1.781000,2993.416420
1.782000,2993.092740
1.783000,2992.769048
1.784000,2992.445344
1.785000,2992.121628
1.786000,2991.797901
1.787000,2991.474162
1.788000,2991.150411
1.789000,2990.826648
1.790000,2990.502874
1.791000,2990.179088
1.792000,2989.855289
1.793000,2989.531479
1.794000,2989.207657
1.795000,2988.883824
1.796000,2988.559979
1.797000,2988.236122
1.798000,2987.912253
1.799000,2987.588372
1.800000,2987.264480
1.801000,2986.940576
1.802000,2986.616660
1.803000,2986.292732
1.804000,2985.968793
1.805000,2985.644842
1.806000,2985.320878
1.807000,2984.996904
1.808000,2984.672917
1.809000,2984.348918
1.810000,2984.024908
1.811000,2983.700886
1.812000,2983.376853
1.813000,2983.052807
1.814000,2982.728750
1.815000,2982.404681
1.816000,2982.080600
1.817000,2981.756507
1.818000,2981.432403
1.819000,2981.108287
1.820000,2980.784159
1.821000,2980.460019
1.822000,2980.135868
1.823000,2979.811705
1.824000,2979.487530
1.825000,2979.163343
1.826000,2978.839145
1.827000,2978.514935
1.828000,2978.190713
1.829000,2977.866480
1.830000,2977.542234
1.831000,2977.217976
1.832000,2976.893707
1.833000,2976.569427
1.834000,2976.245134
1.835000,2975.920830
1.836000,2975.596515
1.837000,2975.272187
1.838000,2974.947847
1.839000,2974.623496
1.840000,2974.299133
1.841000,2973.974759
1.842000,2973.650372
1.843000,2973.325974
1.844000,2973.001564
1.845000,2972.677142
1.846000,2972.352709
1.847000,2972.028264
1.848000,2971.703807
1.849000,2971.379338
1.850000,2971.054858
1.851000,2970.730366
1.852000,2970.405862
1.853000,2970.081347
1.854000,2969.756819
1.855000,2969.432280
1.856000,2969.107729
1.857000,2968.783167
1.858000,2968.458593
1.859000,2968.134007
1.860000,2967.809409
1.861000,2967.484800
1.862000,2967.160179
1.863000,2966.835546
1.864000,2966.510901
1.865000,2966.186245
1.866000,2965.861577
1.867000,2965.536897
1.868000,2965.212206
1.869000,2964.887502
1.870000,2964.562788
1.871000,2964.238061
1.872000,2963.913323
1.873000,2963.588572
1.874000,2963.263811
1.875000,2962.939037
1.876000,2962.614252
1.877000,2962.289455
1.878000,2961.964647
1.879000,2961.639827
1.880000,2961.314994
1.881000,2960.990150
1.882000,2960.665295
1.883000,2960.340427
1.884000,2960.015549
1.885000,2959.690658
1.886000,2959.365756
1.887000,2959.040842
1.888000,2958.715916
1.889000,2958.390979
1.890000,2958.066030
1.891000,2957.741069
1.892000,2957.416097
1.893000,2957.091112
1.894000,2956.766116
1.895000,2956.441108
1.896000,2956.116090
1.897000,2955.791058
1.898000,2955.466016
1.899000,2955.140961
1.900000,2954.815895
1.901000,2954.490817
1.902000,2954.165728
1.903000,2953.840627
1.904000,2953.515514
1.905000,2953.190390
1.906000,2952.865253
1.907000,2952.540105
1.908000,2952.214946
1.909000,2951.889774
1.910000,2951.564591
1.911000,2951.239397
1.912000,2950.914190
1.913000,2950.588972
1.914000,2950.263743
1.915000,2949.938501
1.916000,2949.613248
1.917000,2949.287984
1.918000,2948.962707
1.919000,2948.637419
1.920000,2948.312119
1.921000,2947.986808
1.922000,2947.661485
1.923000,2947.336150
1.924000,2947.010803
1.925000,2946.685445
1.926000,2946.360075
1.927000,2946.034694
1.928000,2945.709301
1.929000,2945.383896
1.930000,2945.058480
1.931000,2944.733051
1.932000,2944.407612
1.933000,2944.082160
1.934000,2943.756697
1.935000,2943.431222
1.936000,2943.105736
1.937000,2942.780237
1.938000,2942.454727
1.939000,2942.129206
1.940000,2941.803673
1.941000,2941.478128
1.942000,2941.152572
1.943000,2940.827004
1.944000,2940.501424
1.945000,2940.175832
1.946000,2939.850230
1.947000,2939.524615
1.948000,2939.198989
1.949000,2938.873350
1.950000,2938.547701
1.951000,2938.222039
1.952000,2937.896366
1.953000,2937.570682
1.954000,2937.244986
1.955000,2936.919277
1.956000,2936.593558
1.957000,2936.267826
1.958000,2935.942084
1.959000,2935.616330
1.960000,2935.290564
1.961000,2934.964786
1.962000,2934.638996
1.963000,2934.313195
1.964000,2933.987383
1.965000,2933.661558
1.966000,2933.335723
1.967000,2933.009874
1.968000,2932.684016
1.969000,2932.358144
1.970000,2932.032262
1.971000,2931.706368
1.972000,2931.380462
1.973000,2931.054544
1.974000,2930.728615
1.975000,2930.402675
1.976000,2930.076723
1.977000,2929.750759
1.978000,2929.424783
1.979000,2929.098796
1.980000,2928.772798
1.981000,2928.446787
1.982000,2928.120765
1.983000,2927.794732
1.984000,2927.468686
1.985000,2927.142629
1.986000,2926.816560
1.987000,2926.490480
1.988000,2926.164388
1.989000,2925.838285
1.990000,2925.512170
1.991000,2925.186043
1.992000,2924.859905
1.993000,2924.533756
1.994000,2924.207594
1.995000,2923.881421
1.996000,2923.555236
1.997000,2923.229040
1.998000,2922.902832
1.999000,2922.576612
2.000000,2922.250381
2.001000,2921.924138
2.002000,2921.597884
2.003000,2921.271618
2.004000,2920.945341
2.005000,2920.619052
2.006000,2920.292751
2.007000,2919.966438
2.008000,2919.640115
2.009000,2919.313779
2.010000,2918.987432
2.011000,2918.661073
2.012000,2918.334702
2.013000,2918.008320
2.014000,2917.681927
2.015000,2917.355522
2.016000,2917.029105
2.017000,2916.702677
2.018000,2916.376237
2.019000,2916.049785
2.020000,2915.723322
2.021000,2915.396847
2.022000,2915.070362
2.023000,2914.743863
2.024000,2914.417354
2.025000,2914.090833
2.026000,2913.764300
2.027000,2913.437755
2.028000,2913.111200
2.029000,2912.784632
2.030000,2912.458053
2.031000,2912.131463
2.032000,2911.804860
2.033000,2911.478247
2.034000,2911.151622
2.035000,2910.824985
2.036000,2910.498336
2.037000,2910.171676
2.038000,2909.845004
2.039000,2909.518321
2.040000,2909.191626
2.041000,2908.864920
2.042000,2908.538202
2.043000,2908.211473
2.044000,2907.884732
2.045000,2907.557979
2.046000,2907.231214
2.047000,2906.904439
2.048000,2906.577651
2.049000,2906.250852
2.050000,2905.924042
2.051000,2905.597220
2.052000,2905.270386
2.053000,2904.943541
2.054000,2904.616684
2.055000,2904.289816
2.056000,2903.962936
2.057000,2903.636045
2.058000,2903.309142
2.059000,2902.982227
2.060000,2902.655301
2.061000,2902.328363
2.062000,2902.001414
2.063000,2901.674453
2.064000,2901.347480
2.065000,2901.020496
2.066000,2900.693501
2.067000,2900.366495
2.068000,2900.039476
2.069000,2899.712446
2.070000,2899.385404
2.071000,2899.058351
2.072000,2898.731286
2.073000,2898.404209
2.074000,2898.077122
2.075000,2897.750022
2.076000,2897.422911
2.077000,2897.095789
2.078000,2896.768655
2.079000,2896.441509
2.080000,2896.114352
2.081000,2895.787183
2.082000,2895.460003
2.083000,2895.132811
2.084000,2894.805608
2.085000,2894.478393
2.086000,2894.151166
2.087000,2893.823929
2.088000,2893.496679
2.089000,2893.169418
2.090000,2892.842146
2.091000,2892.514862
2.092000,2892.187566
2.093000,2891.860259
2.094000,2891.532940
2.095000,2891.205666
2.096000,2890.878413
2.097000,2890.551147
2.098000,2890.223868
2.099000,2889.896577
2.100000,2889.569274
2.101000,2889.241959
2.102000,2888.914631
2.103000,2888.587291
2.104000,2888.259939
2.105000,2887.932574
2.106000,2887.605197
2.107000,2887.277808
2.108000,2886.950407
2.109000,2886.622993
2.110000,2886.295568
2.111000,2885.968130
2.112000,2885.640681
2.113000,2885.313219
2.114000,2884.985745
2.115000,2884.658259
2.116000,2884.330761
2.117000,2884.003251
2.118000,2883.675729
2.119000,2883.348195
2.120000,2883.020649
2.121000,2882.693091
2.122000,2882.365522
2.123000,2882.037939
2.124000,2881.710346
2.125000,2881.382740
2.126000,2881.055123
2.127000,2880.727494
2.128000,2880.399852
2.129000,2880.072199
2.130000,2879.744533
2.131000,2879.416857
2.132000,2879.089168
2.133000,2878.761467
2.134000,2878.433755
2.135000,2878.106031
2.136000,2877.778295
2.137000,2877.450547
2.138000,2877.122787
2.139000,2876.795016
2.140000,2876.467232
2.141000,2876.139438
2.142000,2875.811631
2.143000,2875.483813
2.144000,2875.155982
2.145000,2874.828141
2.146000,2874.500287
2.147000,2874.172422
2.148000,2873.844545
2.149000,2873.516656
2.150000,2873.188756
2.151000,2872.860844
2.152000,2872.532920
2.153000,2872.204985
2.154000,2871.877038
2.155000,2871.549079
2.156000,2871.221108
2.157000,2870.893126
2.158000,2870.565132
2.159000,2870.237127
2.160000,2869.909110
2.161000,2869.581082
2.162000,2869.253041
2.163000,2868.924989
2.164000,2868.596925
2.165000,2868.268850
2.166000,2867.940763
2.167000,2867.612665
2.168000,2867.284555
2.169000,2866.956434
2.170000,2866.628301
2.171000,2866.300156
2.172000,2865.971999
2.173000,2865.643831
2.174000,2865.315652
2.175000,2864.987461
2.176000,2864.659258
2.177000,2864.331044
2.178000,2864.002818
2.179000,2863.674580
2.180000,2863.346332
2.181000,2863.018071
2.182000,2862.689798
2.183000,2862.361515
2.184000,2862.033220
2.185000,2861.704913
2.186000,2861.376595
2.187000,2861.048265
2.188000,2860.719923
2.189000,2860.391571
2.190000,2860.063206
2.191000,2859.734830
2.192000,2859.406443
2.193000,2859.078044
2.194000,2858.749633
2.195000,2858.421211
2.196000,2858.092777
2.197000,2857.764332
2.198000,2857.435875
2.199000,2857.107407
2.200000,2856.778928
2.201000,2856.450436
2.202000,2856.121934
2.203000,2855.793419
2.204000,2855.464894
2.205000,2855.136357
2.206000,2854.807808
2.207000,2854.479248
2.208000,2854.150676
2.209000,2853.822093
2.210000,2853.493498
2.211000,2853.164892
2.212000,2852.836274
2.213000,2852.507645
2.214000,2852.179004
2.215000,2851.850353
2.216000,2851.521688
2.217000,2851.193014
2.218000,2850.864327
2.219000,2850.535629
2.220000,2850.206919
2.221000,2849.878198
2.222000,2849.549466
2.223000,2849.220722
2.224000,2848.891967
2.225000,2848.563200
2.226000,2848.234421
2.227000,2847.905631
2.228000,2847.576830
2.229000,2847.248018
2.230000,2846.919193
2.231000,2846.590357
2.232000,2846.261510
2.233000,2845.932651
2.234000,2845.603781
2.235000,2845.274900
2.236000,2844.946007
2.237000,2844.617103
2.238000,2844.288187
2.239000,2843.959259
2.240000,2843.630320
2.241000,2843.301370
2.242000,2842.972408
2.243000,2842.643435
2.244000,2842.314450
2.245000,2841.985454
2.246000,2841.656446
2.247000,2841.327427
2.248000,2840.998398
2.249000,2840.669356
2.250000,2840.340302
2.251000,2840.011237
2.252000,2839.682162
2.253000,2839.353074
2.254000,2839.023974
2.255000,2838.694864
2.256000,2838.365742
2.257000,2838.036609
2.258000,2837.707464
2.259000,2837.378308
2.260000,2837.049140
2.261000,2836.719961
2.262000,2836.390770
2.263000,2836.061569
2.264000,2835.732355
2.265000,2835.403131
2.266000,2835.073894
2.267000,2834.744647
2.268000,2834.415388
2.269000,2834.086117
2.270000,2833.756835
2.271000,2833.427542
2.272000,2833.098237
2.273000,2832.768921
2.274000,2832.439594
2.275000,2832.110254
2.276000,2831.780904
2.277000,2831.451543
2.278000,2831.122169
2.279000,2830.792784
2.280000,2830.463388
2.281000,2830.133981
2.282000,2829.804562
2.283000,2829.475131
2.284000,2829.145690
2.285000,2828.816237
2.286000,2828.486772
2.287000,2828.157296
2.288000,2827.827809
2.289000,2827.498310
2.290000,2827.168800
2.291000,2826.839279
2.292000,2826.509746
2.293000,2826.180201
2.294000,2825.850645
2.295000,2825.521078
2.296000,2825.191499
2.297000,2824.861910
2.298000,2824.532308
2.299000,2824.202696
2.300000,2823.873071
2.301000,2823.543436
2.302000,2823.213789
2.303000,2822.884131
2.304000,2822.554461
2.305000,2822.224780
2.306000,2821.895087
2.307000,2821.565383
2.308000,2821.235668
2.309000,2820.905941
2.310000,2820.576203
2.311000,2820.246453
2.312000,2819.916692
2.313000,2819.586921
2.314000,2819.257137
2.315000,2818.927342
2.316000,2818.597536
2.317000,2818.267718
2.318000,2817.937889
2.319000,2817.608048
2.320000,2817.278196
2.321000,2816.948333
2.322000,2816.618458
2.323000,2816.288572
2.324000,2815.958675
2.325000,2815.628766
2.326000,2815.298846
2.327000,2814.968914
2.328000,2814.638971
2.329000,2814.309017
2.330000,2813.979051
2.331000,2813.649074
2.332000,2813.319086
2.333000,2812.989086
2.334000,2812.659075
2.335000,2812.329052
2.336000,2811.999018
2.337000,2811.668973
2.338000,2811.338917
2.339000,2811.008848
2.340000,2810.678769
2.341000,2810.348679
2.342000,2810.018576
2.343000,2809.688463
2.344000,2809.358338
2.345000,2809.028202
2.346000,2808.698054
2.347000,2808.367896
2.348000,2783.048230
2.349000,2776.398699
2.350000,2769.776956
2.351000,2763.182865
2.352000,2756.616290
2.353000,2750.077094
2.354000,2743.565144
2.355000,2737.080305
2.356000,2730.622443
2.357000,2724.191426
2.358000,2717.787121
2.359000,2711.409398
2.360000,2705.058125
2.361000,2698.733173
2.362000,2692.434412
2.363000,2686.161713
2.364000,2679.914949
2.365000,2673.693992
2.366000,2667.498714
2.367000,2661.328990
2.368000,2655.184693
2.369000,2649.065701
2.370000,2642.971888
2.371000,2636.903130
2.372000,2630.859305
2.373000,2624.840290
2.374000,2618.845963
2.375000,2612.876204
2.376000,2606.930891
2.377000,2601.009905
2.378000,2595.113127
2.379000,2589.240438
2.380000,2583.391720
2.381000,2577.566854
2.382000,2571.765726
2.383000,2565.988217
2.384000,2560.234213
2.385000,2554.503598
2.386000,2548.796258
2.387000,2543.112079
2.388000,2537.450947
2.389000,2531.812750
2.390000,2526.197375
2.391000,2520.604711
2.392000,2515.034646
2.393000,2509.487071
2.394000,2503.961876
2.395000,2498.458706
2.396000,2492.977426
2.397000,2487.518071
2.398000,2482.080534
2.399000,2476.664709
2.400000,2471.270491
2.401000,2465.897774
2.402000,2460.546455
2.403000,2455.216429
2.404000,2449.907591
2.405000,2444.619841
2.406000,2439.353074
2.407000,2434.107189
2.408000,2428.882085
2.409000,2423.677845
2.410000,2418.495528
2.411000,2413.333676
2.412000,2408.192191
2.413000,2403.070974
2.414000,2397.969926
2.415000,2392.888949
2.416000,2387.827946
2.417000,2382.786819
2.418000,2377.765475
2.419000,2372.763816
2.420000,2367.781746
2.421000,2362.819171
2.422000,2357.875997
2.423000,2352.952130
2.424000,2348.047476
2.425000,2343.161943
2.426000,2338.295437
2.427000,2333.447867
2.428000,2328.619141
2.429000,2323.809169
2.430000,2319.017859
2.431000,2314.245122
2.432000,2309.490867
2.433000,2304.755005
2.434000,2300.037448
2.435000,2295.338108
2.436000,2290.656895
2.437000,2285.993724
2.438000,2281.348505
2.439000,2276.721155
2.440000,2272.111584
2.441000,2267.519709
2.442000,2262.945444
2.443000,2258.388704
2.444000,2253.849404
2.445000,2249.327460
2.446000,2244.822790
2.447000,2240.335308
2.448000,2235.864935
2.449000,2231.411585
2.450000,2226.975177
2.451000,2222.555631
2.452000,2218.152865
2.453000,2213.766798
2.454000,2209.397350
2.455000,2205.044440
2.456000,2200.707991
2.457000,2196.387922
2.458000,2192.084154
2.459000,2187.796609
2.460000,2183.525211
2.461000,2179.269879
2.462000,2175.030539
2.463000,2170.807113
2.464000,2166.599524
2.465000,2162.407698
2.466000,2158.231557
2.467000,2154.071027
2.468000,2149.926032
2.469000,2145.796500
2.470000,2141.682355
2.471000,2137.583524
2.472000,2133.499933
2.473000,2129.431510
2.474000,2125.378181
2.475000,2121.339875
2.476000,2117.316519
2.477000,2113.308043
2.478000,2109.314375
2.479000,2105.335444
2.480000,2101.371180
2.481000,2097.421512
2.482000,2093.486371
2.483000,2089.565687
2.484000,2085.659392
2.485000,2081.767417
2.486000,2077.889693
2.487000,2074.026152
2.488000,2070.176727
2.489000,2066.341350
2.490000,2062.519955
2.491000,2058.712475
2.492000,2054.918842
2.493000,2051.138992
2.494000,2047.372858
2.495000,2043.620376
2.496000,2039.881480
2.497000,2036.156106
2.498000,2032.444189
2.499000,2028.745666
2.500000,2025.060471
2.501000,2021.388544
2.502000,2017.729819
2.503000,2014.084234
2.504000,2010.451727
2.505000,2006.832236
2.506000,2003.225699
2.507000,1999.632054
2.508000,1996.051240
2.509000,1992.483197
2.510000,1988.927864
2.511000,1985.385179
2.512000,1981.855481
2.513000,1978.339284
2.514000,1974.835546
2.515000,1971.344210
2.516000,1967.865214
2.517000,1964.398502
2.518000,1960.944015
2.519000,1957.501695
2.520000,1954.071486
2.521000,1950.653375
2.522000,1947.247273
2.523000,1943.853121
2.524000,1940.470864
2.525000,1937.100446
2.526000,1933.741809
2.527000,1930.394900
2.528000,1927.059662
2.529000,1923.736041
2.530000,1920.423982
2.531000,1917.123430
2.532000,1913.834332
2.533000,1910.556631
2.534000,1907.290278
2.535000,1904.035216
2.536000,1900.791393
2.537000,1897.558756
2.538000,1894.337253
2.539000,1891.126830
2.540000,1887.927437
2.541000,1884.739021
2.542000,1881.561531
2.543000,1878.394915
2.544000,1875.239122
2.545000,1872.094102
2.546000,1868.959804
2.547000,1865.836178
2.548000,1862.723173
2.549000,1859.620740
2.550000,1856.528829
2.551000,1853.447392
2.552000,1850.376378
2.553000,1847.315740
2.554000,1844.265427
2.555000,1841.225394
2.556000,1838.195590
2.557000,1835.175969
2.558000,1832.166483
2.559000,1829.167084
2.560000,1826.177725
2.561000,1823.198359
2.562000,1820.228940
2.563000,1817.269422
2.564000,1814.319757
2.565000,1811.379901
2.566000,1808.449807
2.567000,1805.529430
2.568000,1802.618724
2.569000,1799.717645
2.570000,1796.826148
2.571000,1793.944188
2.572000,1791.071720
2.573000,1788.208702
2.574000,1785.355087
2.575000,1782.510833
2.576000,1779.675897
2.577000,1776.850235
2.578000,1774.033803
2.579000,1771.226560
2.580000,1768.428463
2.581000,1765.639468
2.582000,1762.859534
2.583000,1760.088619
2.584000,1757.326682
2.585000,1754.573679
2.586000,1751.829570
2.587000,1749.094314
2.588000,1746.367870
2.589000,1743.650197
2.590000,1740.941255
2.591000,1738.241002
2.592000,1735.549400
2.593000,1732.866408
2.594000,1730.191985
2.595000,1727.526093
2.596000,1724.868693
2.597000,1722.219745
2.598000,1719.579209
2.599000,1716.947048
2.600000,1714.323222
2.601000,1711.707694
2.602000,1709.100426
2.603000,1706.501377
2.604000,1703.910512
2.605000,1701.327793
2.606000,1698.753181
2.607000,1696.186641
2.608000,1693.628134
2.609000,1691.077624
2.610000,1688.535073
2.611000,1686.000447
2.612000,1683.473708
2.613000,1680.954819
2.614000,1678.443746
2.615000,1675.940452
2.616000,1673.444900
2.617000,1670.957057
2.618000,1668.476887
2.619000,1666.004355
2.620000,1663.539425
2.621000,1661.082063
2.622000,1658.632235
2.623000,1656.189905
2.624000,1653.755040
2.625000,1651.327605
2.626000,1648.907568
2.627000,1646.494893
2.628000,1644.089547
2.629000,1641.691497
2.630000,1639.300710
2.631000,1636.917152
2.632000,1634.540791
2.633000,1632.171595
2.634000,1629.809529
2.635000,1627.454561
2.636000,1625.106661
2.637000,1622.765795
2.638000,1620.431933
2.639000,1618.105040
2.640000,1615.785086
2.641000,1613.472041
2.642000,1611.165871
2.643000,1608.866547
2.644000,1606.574037
2.645000,1604.288309
2.646000,1602.009335
2.647000,1599.737083
2.648000,1597.471522
2.649000,1595.212622
2.650000,1592.960354
2.651000,1590.714687
2.652000,1588.475592
2.653000,1586.243039
2.654000,1584.016998
2.655000,1581.797439
2.656000,1579.584334
2.657000,1577.377654
2.658000,1575.177370
2.659000,1572.983453
2.660000,1570.795874
2.661000,1568.614605
2.662000,1566.439617
2.663000,1564.270883
2.664000,1562.108373
2.665000,1559.952061
2.666000,1557.801918
2.667000,1555.657917
2.668000,1553.520030
2.669000,1551.388230
2.670000,1549.262489
2.671000,1547.142781
2.672000,1545.029078
2.673000,1542.921353
2.674000,1540.819637
2.675000,1538.724664
2.676000,1536.635584
2.677000,1534.552371
2.678000,1532.474999
2.679000,1530.403439
2.680000,1528.337669
2.681000,1526.277660
2.682000,1524.223388
2.683000,1522.174829
2.684000,1520.131954
2.685000,1518.094741
2.686000,1516.063163
2.687000,1514.037195
2.688000,1512.016814
2.689000,1510.001994
2.690000,1507.992710
2.691000,1505.988937
2.692000,1503.990652
2.693000,1501.997830
2.694000,1500.010447
2.695000,1498.028478
2.696000,1496.051902
2.697000,1494.080692
2.698000,1492.114825
2.699000,1490.154278
2.700000,1488.199028
2.701000,1486.249052
2.702000,1484.304324
2.703000,1482.364824
2.704000,1480.430527
2.705000,1478.501412
2.706000,1476.577454
2.707000,1474.658633
2.708000,1472.744924
2.709000,1470.836305
2.710000,1468.932755
2.711000,1467.034251
2.712000,1465.140770
2.713000,1463.252291
2.714000,1461.368793
2.715000,1459.490253
2.716000,1457.616649
2.717000,1455.747960
2.718000,1453.884165
2.719000,1452.025241
2.720000,1450.171170
2.721000,1448.321927
2.722000,1446.477493
2.723000,1444.637847
2.724000,1442.802968
2.725000,1440.972835
2.726000,1439.147428
2.727000,1437.326725
2.728000,1435.510707
2.729000,1433.699354
2.730000,1431.892645
2.731000,1430.090559
2.732000,1428.293077
2.733000,1426.500180
2.734000,1424.711846
2.735000,1422.928057
2.736000,1421.148793
2.737000,1419.374033
2.738000,1417.603760
2.739000,1415.837953
2.740000,1414.076593
2.741000,1412.319661
2.742000,1410.567137
2.743000,1408.819005
2.744000,1407.075242
2.745000,1405.335832
2.746000,1403.600756
2.747000,1401.869994
2.748000,1400.143530
2.749000,1398.421342
2.750000,1396.703415
2.751000,1394.989729
2.752000,1393.280266
2.753000,1391.575009
2.754000,1389.873938
2.755000,1388.177038
2.756000,1386.484288
2.757000,1384.795672
2.758000,1383.111173
2.759000,1381.430772
2.760000,1379.754452
2.761000,1378.082196
2.762000,1376.413987
2.763000,1374.749807
2.764000,1373.089639
2.765000,1371.433466
2.766000,1369.781272
2.767000,1368.133039
2.768000,1366.488750
2.769000,1364.848390
2.770000,1363.211940
2.771000,1361.579386
2.772000,1359.950709
2.773000,1358.325894
2.774000,1356.704925
2.775000,1355.087785
2.776000,1353.474459
2.777000,1351.864930
2.778000,1350.259181
2.779000,1348.657198
2.780000,1347.058965
2.781000,1345.464465
2.782000,1343.873683
2.783000,1342.286603
2.784000,1340.703211
2.785000,1339.123490
2.786000,1337.547425
2.787000,1335.975001
2.788000,1334.406202
2.789000,1332.841013
2.790000,1331.279421
2.791000,1329.721408
2.792000,1328.166961
2.793000,1326.616065
2.794000,1325.068704
2.795000,1323.524865
2.796000,1321.984531
2.797000,1320.447690
2.798000,1318.914326
2.799000,1317.384425
2.800000,1315.857973
2.801000,1314.334955
2.802000,1312.815358
2.803000,1311.299166
2.804000,1309.786366
2.805000,1308.276944
2.806000,1306.770886
2.807000,1305.268179
2.808000,1303.768807
2.809000,1302.272758
2.810000,1300.780018
2.811000,1299.290573
2.812000,1297.804410
2.813000,1296.321516
2.814000,1294.841876
2.815000,1293.365477
2.816000,1291.892308
2.817000,1290.422353
2.818000,1288.955600
2.819000,1287.492036
2.820000,1286.031648
2.821000,1284.574423
2.822000,1283.120347
2.823000,1281.669409
2.824000,1280.221595
2.825000,1278.776893
2.826000,1277.335290
2.827000,1275.896774
2.828000,1274.461331
2.829000,1273.028949
2.830000,1271.599618
2.831000,1270.173323
2.832000,1268.750051
2.833000,1267.329793
2.834000,1265.912534
2.835000,1264.498264
2.836000,1263.086970
2.837000,1261.678639
2.838000,1260.273260
2.839000,1258.870822
2.840000,1257.471312
2.841000,1256.074719
2.842000,1254.681030
2.843000,1253.290235
2.844000,1251.902321
2.845000,1250.517277
2.846000,1249.135093
2.847000,1247.755756
2.848000,1246.379255
2.849000,1245.005577
2.850000,1243.634714
2.851000,1242.266653
2.852000,1240.901383
2.853000,1239.538892
2.854000,1238.179171
2.855000,1236.822207
2.856000,1235.467991
2.857000,1234.116510
2.858000,1232.767756
2.859000,1231.421716
2.860000,1230.078379
2.861000,1228.737735
2.862000,1227.399774
2.863000,1226.064485
2.864000,1224.731858
2.865000,1223.401881
2.866000,1222.074545
2.867000,1220.749840
2.868000,1219.427753
2.869000,1218.108278
2.870000,1216.791401
2.871000,1215.477114
2.872000,1214.165405
2.873000,1212.856266
2.874000,1211.549686
2.875000,1210.245655
2.876000,1208.944163
2.877000,1207.645201
2.878000,1206.348759
2.879000,1205.054825
2.880000,1203.763392
2.881000,1202.474450
2.882000,1201.187988
2.883000,1199.903997
2.884000,1198.622467
2.885000,1197.343391
2.886000,1196.066756
2.887000,1194.792554
2.888000,1193.520777
2.889000,1192.251414
2.890000,1190.984456
2.891000,1189.719894
2.892000,1188.457719
2.893000,1187.197922
2.894000,1185.940494
2.895000,1184.685425
2.896000,1183.432706
2.897000,1182.182330
2.898000,1180.934286
2.899000,1179.688565
2.900000,1178.445160
2.901000,1177.204061
2.902000,1175.965260
2.903000,1174.728746
2.904000,1173.494514
2.905000,1172.262552
2.906000,1171.032853
2.907000,1169.805409
2.908000,1168.580211
2.909000,1167.357250
2.910000,1166.136518
2.911000,1164.918006
2.912000,1163.701707
2.913000,1162.487611
2.914000,1161.275712
2.915000,1160.066000
2.916000,1158.858467
2.917000,1157.653105
2.918000,1156.449906
2.919000,1155.248862
2.920000,1154.049965
2.921000,1152.853207
2.922000,1151.658445
2.923000,1150.465484
2.924000,1149.274561
2.925000,1148.085669
2.926000,1146.898798
2.927000,1145.713943
2.928000,1144.531096
2.929000,1143.350251
2.930000,1142.171398
2.931000,1140.994533
2.932000,1139.819647
2.933000,1138.646734
2.934000,1137.475786
2.935000,1136.306797
2.936000,1135.139759
2.937000,1133.974665
2.938000,1132.811510
2.939000,1131.650285
2.940000,1130.490983
2.941000,1129.333599
2.942000,1128.178125
2.943000,1127.024554
2.944000,1125.872880
2.945000,1124.723097
2.946000,1123.575198
2.947000,1122.429174
2.948000,1121.285022
2.949000,1120.142733
2.950000,1119.002302
2.951000,1117.863720
2.952000,1116.726983
2.953000,1115.592085
2.954000,1114.459017
2.955000,1113.327775
2.956000,1112.198351
2.957000,1111.070739
2.958000,1109.944934
2.959000,1108.820929
2.960000,1107.698717
2.961000,1106.578292
2.962000,1105.459649
2.963000,1104.342781
2.964000,1103.227682
2.965000,1102.114346
2.966000,1101.002766
2.967000,1099.892938
2.968000,1098.784854
2.969000,1097.678817
2.970000,1096.574860
2.971000,1095.472628
2.972000,1094.372115
2.973000,1093.273315
2.974000,1092.176222
2.975000,1091.080829
2.976000,1089.987133
2.977000,1088.895126
2.978000,1087.804803
2.979000,1086.716158
2.980000,1085.629186
2.981000,1084.543880
2.982000,1083.460237
2.983000,1082.378249
2.984000,1081.297912
2.985000,1080.219218
2.986000,1079.142164
2.987000,1078.066744
2.988000,1076.992953
2.989000,1075.920784
2.990000,1074.850233
2.991000,1073.781294
2.992000,1072.713961
2.993000,1071.648230
2.994000,1070.584096
2.995000,1069.521552
2.996000,1068.460594
2.997000,1067.401216
2.998000,1066.343413
2.999000,1065.287180
3.000000,1064.232512
3.001000,1063.179404
3.002000,1062.127850
3.003000,1061.077846
3.004000,1060.029387
3.005000,1058.982467
3.006000,1057.937081
3.007000,1056.893225
3.008000,1055.850894
3.009000,1054.810081
3.010000,1053.770784
3.011000,1052.732997
3.012000,1051.696714
3.013000,1050.661931
3.014000,1049.628644
3.015000,1048.596847
3.016000,1047.566534
3.017000,1046.537704
3.018000,1045.510350
3.019000,1044.484467
3.020000,1043.460050
3.021000,1042.437096
3.022000,1041.415599
3.023000,1040.395554
3.024000,1039.376958
3.025000,1038.359805
3.026000,1037.344092
3.027000,1036.329813
3.028000,1035.316963
3.029000,1034.305540
3.030000,1033.295538
3.031000,1032.286951
3.032000,1031.279777
3.033000,1030.274010
3.034000,1029.269647
3.035000,1028.266683
3.036000,1027.265112
3.037000,1026.264933
3.038000,1025.266138
3.039000,1024.268726
3.040000,1023.272691
3.041000,1022.278029
3.042000,1021.284736
3.043000,1020.292807
3.044000,1019.302238
3.045000,1018.313026
3.046000,1017.325166
3.047000,1016.338653
3.048000,1015.353484
3.049000,1014.369655
3.050000,1013.387162
3.051000,1012.406001
3.052000,1011.426166
3.053000,1010.447654
3.054000,1009.470463
3.055000,1008.494586
3.056000,1007.520021
3.057000,1006.546764
3.058000,1005.574810
3.059000,1004.604156
3.060000,1003.634797
3.061000,1002.666730
3.062000,1001.699952
3.063000,1000.734458
3.064000,999.770243
3.065000,998.807305
3.066000,997.845640
3.067000,996.885244
3.068000,995.926112
3.069000,994.968243
3.070000,994.011631
3.071000,993.056272
3.072000,992.102164
3.073000,991.149303
3.074000,990.197685
3.075000,989.247306
3.076000,988.298162
3.077000,987.350251
3.078000,986.403568
3.079000,985.458110
3.080000,984.513873
3.081000,983.570854
3.082000,982.629050
3.083000,981.688455
3.084000,980.749068
3.085000,979.810886
3.086000,978.873903
3.087000,977.938116
3.088000,977.003524
3.089000,976.070122
3.090000,975.137905
3.091000,974.206873
3.092000,973.277020
3.093000,972.348343
3.094000,971.420840
3.095000,970.494507
3.096000,969.569339
3.097000,968.645335
3.098000,967.722491
3.099000,966.800804
3.100000,965.880270
3.101000,964.960886
3.102000,964.042649
3.103000,963.125556
3.104000,962.209602
3.105000,961.294787
3.106000,960.381106
3.107000,959.468556
3.108000,958.557134
3.109000,957.646836
3.110000,956.737660
3.111000,955.829603
3.112000,954.922660
3.113000,954.016832
3.114000,953.112111
3.115000,952.208497
3.116000,951.305987
3.117000,950.404576
3.118000,949.504263
3.119000,948.605045
3.120000,947.706917
3.121000,946.809878
3.122000,945.913924
3.123000,945.019054
3.124000,944.125262
3.125000,943.232547
3.126000,942.340906
3.127000,941.450335
3.128000,940.560833
3.129000,939.672396
3.130000,938.785021
3.131000,937.898706
3.132000,937.013447
3.133000,936.129242
3.134000,935.246088
3.135000,934.363982
3.136000,933.482923
3.137000,932.602905
3.138000,931.723927
3.139000,930.845988
3.140000,929.969082
3.141000,929.093209
3.142000,928.218364
3.143000,927.344546
3.144000,926.471752
3.145000,925.599979
3.146000,924.729225
3.147000,923.859486
3.148000,922.990761
3.149000,922.123046
3.150000,921.256339
3.151000,920.390638
3.152000,919.525940
3.153000,918.662241
3.154000,917.799540
3.155000,916.937835
3.156000,916.077122
3.157000,915.217400
3.158000,914.358665
3.159000,913.500915
3.160000,912.644147
3.161000,911.788361
3.162000,910.933551
3.163000,910.079717
3.164000,909.226856
3.165000,908.374965
3.166000,907.524042
3.167000,906.674084
3.168000,905.825089
3.169000,904.977055
3.170000,904.129980
3.171000,903.283860
3.172000,902.438694
3.173000,901.594479
3.174000,900.751213
3.175000,899.908893
3.176000,899.067518
3.177000,898.227085
3.178000,897.387591
3.179000,896.549035
3.180000,895.711414
3.181000,894.874725
3.182000,894.038967
3.183000,893.204137
3.184000,892.370233
3.185000,891.537253
3.186000,890.705194
3.187000,889.874056
3.188000,889.043834
3.189000,888.214527
3.190000,887.386132
3.191000,886.558649
3.192000,885.732073
3.193000,884.906404
3.194000,884.081639
3.195000,883.257777
3.196000,882.434813
3.197000,881.612748
3.198000,880.791578
3.199000,879.971302
3.200000,879.151917
3.201000,878.333421
3.202000,877.515812
3.203000,876.699090
3.204000,875.883250
3.205000,875.068291
3.206000,874.254211
3.207000,873.441008
3.208000,872.628680
3.209000,871.817225
3.210000,871.006641
3.211000,870.196926
3.212000,869.388078
3.213000,868.580095
3.214000,867.772975
3.215000,866.966716
3.216000,866.161316
3.217000,865.356773
3.218000,864.553085
3.219000,863.750251
3.220000,862.948268
3.221000,862.147135
3.222000,861.346849
3.223000,860.547409
3.224000,859.748812
3.225000,858.951058
3.226000,858.154144
3.227000,857.358067
3.228000,856.562826
3.229000,855.768420
3.230000,854.974847
3.231000,854.182105
3.232000,853.390191
3.233000,852.599104
3.234000,851.808843
3.235000,851.019406
3.236000,850.230789
3.237000,849.442993
3.238000,848.656015
3.239000,847.869853
3.240000,847.084506
3.241000,846.299971
3.242000,845.516248
3.243000,844.733334
3.244000,843.951227
3.245000,843.169927
3.246000,842.389430
3.247000,841.609736
3.248000,840.830843
3.249000,840.052748
3.250000,839.275451
3.251000,838.498948
3.252000,837.723241
3.253000,836.948326
3.254000,836.174200
3.255000,835.400864
3.256000,834.628315
3.257000,833.856552
3.258000,833.085573
3.259000,832.315375
3.260000,831.545959
3.261000,830.777321
3.262000,830.009462
3.263000,829.242378
3.264000,828.476068
3.265000,827.710531
3.266000,826.945765
3.267000,826.181768
3.268000,825.418540
3.269000,824.656078
3.270000,823.894380
3.271000,823.133446
3.272000,822.373273
3.273000,821.613861
3.274000,820.855227
3.275000,820.097357
3.276000,819.340249
3.277000,818.583901
3.278000,817.828313
3.279000,817.073480
3.280000,816.319404
3.281000,815.566082
3.282000,814.813512
3.283000,814.061694
3.284000,813.310625
3.285000,812.560303
3.286000,811.810729
3.287000,811.061899
3.288000,810.313814
3.289000,809.566471
3.290000,808.819867
3.291000,808.074003
3.292000,807.328877
3.293000,806.584487
3.294000,805.840831
3.295000,805.097909
3.296000,804.355719
3.297000,803.614259
3.298000,802.873528
3.299000,802.133525
3.300000,801.394249
3.301000,800.655695
3.302000,799.917867
3.303000,799.180760
3.304000,798.444373
3.305000,797.708705
3.306000,796.973756
3.307000,796.239523
3.308000,795.506004
3.309000,794.773200
3.310000,794.041108
3.311000,793.309726
3.312000,792.579054
3.313000,791.849090
3.314000,791.119834
3.315000,790.391282
3.316000,789.663435
3.317000,788.936292
3.318000,788.209848
3.319000,787.484106
3.320000,786.759062
3.321000,786.034716
3.322000,785.311067
3.323000,784.588112
3.324000,783.865851
3.325000,783.144283
3.326000,782.423405
3.327000,781.703218
3.328000,780.983720
3.329000,780.264908
3.330000,779.546783
3.331000,778.829342
3.332000,778.112585
3.333000,777.396510
3.334000,776.681116
3.335000,775.966403
3.336000,775.252368
3.337000,774.539010
3.338000,773.826329
3.339000,773.114322
3.340000,772.402989
3.341000,771.692329
3.342000,770.982340
3.343000,770.273021
3.344000,769.564371
3.345000,768.856388
3.346000,768.149072
3.347000,767.442422
3.348000,766.736436
3.349000,766.031113
3.350000,765.326451
3.351000,764.622450
3.352000,763.919109
3.353000,763.216426
3.354000,762.514400
3.355000,761.813031
3.356000,761.112316
3.357000,760.412255
3.358000,759.712847
3.359000,759.014090
3.360000,758.315984
3.361000,757.618527
3.362000,756.921718
3.363000,756.225556
3.364000,755.530040
3.365000,754.835169
3.366000,754.140941
3.367000,753.447357
3.368000,752.754413
3.369000,752.062110
3.370000,751.370447
3.371000,750.679422
3.372000,749.989033
3.373000,749.299282
3.374000,748.610165
3.375000,747.921682
3.376000,747.233832
3.377000,746.546614
3.378000,745.860026
3.379000,745.174070
3.380000,744.488741
3.381000,743.804040
3.382000,743.119966
3.383000,742.436516
3.384000,741.753693
3.385000,741.071492
3.386000,740.389913
3.387000,739.708957
3.388000,739.028621
3.389000,738.348905
3.390000,737.669806
3.391000,736.991325
3.392000,736.313461
3.393000,735.636213
3.394000,734.959579
3.395000,734.283558
3.396000,733.608149
3.397000,732.933353
3.398000,732.259167
3.399000,731.585590
3.400000,730.912623
3.401000,730.240261
3.402000,729.568508
3.403000,728.897360
3.404000,728.226817
3.405000,727.556877
3.406000,726.887541
3.407000,726.218806
3.408000,725.550672
3.409000,724.883138
3.410000,724.216204
3.411000,723.549866
3.412000,722.884127
3.413000,722.218984
3.414000,721.554436
3.415000,720.890482
3.416000,720.227122
3.417000,719.564355
3.418000,718.902179
3.419000,718.240594
3.420000,717.579599
3.421000,716.919192
3.422000,716.259375
3.423000,715.600144
3.424000,714.941498
3.425000,714.283439
3.426000,713.625964
3.427000,712.969072
3.428000,712.312764
3.429000,711.657037
3.430000,711.001891
3.431000,710.347326
3.432000,709.693338
3.433000,709.039930
3.434000,708.387099
3.435000,707.734845
3.436000,707.083167
3.437000,706.432063
3.438000,705.781534
3.439000,705.131577
3.440000,704.482193
3.441000,703.833380
3.442000,703.185138
3.443000,702.537466
3.444000,701.890364
3.445000,701.243828
3.446000,700.597860
3.447000,699.952460
3.448000,699.307624
3.449000,698.663354
3.450000,698.019647
3.451000,697.376504
3.452000,696.733923
3.453000,696.091903
3.454000,695.450445
3.455000,694.809547
3.456000,694.169208
3.457000,693.529426
3.458000,692.890203
3.459000,692.251536
3.460000,691.613426
3.461000,690.975871
3.462000,690.338870
3.463000,689.702422
3.464000,689.066528
3.465000,688.431185
3.466000,687.796394
3.467000,687.162153
3.468000,686.528462
3.469000,685.895320
3.470000,685.262727
3.471000,684.630680
3.472000,683.999180
3.473000,683.368227
3.474000,682.737819
3.475000,682.107954
3.476000,681.478634
3.477000,680.849856
3.478000,680.221621
3.479000,679.593927
3.480000,678.966774
3.481000,678.340161
3.482000,677.714087
3.483000,677.088550
3.484000,676.463553
3.485000,675.839092
3.486000,675.215167
3.487000,674.591778
3.488000,673.968924
3.489000,673.346603
3.490000,672.724816
3.491000,672.103562
3.492000,671.482840
3.493000,670.862649
3.494000,670.242989
3.495000,669.623857
3.496000,669.005256
3.497000,668.387183
3.498000,667.769637
3.499000,667.152618
3.500000,666.536126
3.501000,665.920160
3.502000,665.304718
3.503000,664.689614
3.504000,664.074953
3.505000,663.460756
3.506000,662.847022
3.507000,662.233750
3.508000,661.620942
3.509000,661.008595
3.510000,660.396711
3.511000,659.785287
3.512000,659.174326
3.513000,658.563825
3.514000,657.953784
3.515000,657.344204
3.516000,656.735083
3.517000,656.126422
3.518000,655.518220
3.519000,654.910487
3.520000,654.303623
3.521000,653.697217
3.522000,653.091267
3.523000,652.485775
3.524000,651.880739
3.525000,651.276160
3.526000,650.672037
3.527000,650.068369
3.528000,649.465158
3.529000,648.862400
3.530000,648.260099
3.531000,647.658251
3.532000,647.056858
3.533000,646.455917
3.534000,645.855431
3.535000,645.255397
3.536000,644.655817
3.537000,644.056689
3.538000,643.458013
3.539000,642.859789
3.540000,642.262016
3.541000,641.664695
3.542000,641.067824
3.543000,640.471404
3.544000,639.875434
3.545000,639.279914
3.546000,638.684843
3.547000,638.090221
3.548000,637.496049
3.549000,636.902325
3.550000,636.309050
3.551000,635.716222
3.552000,635.123842
3.553000,634.531909
3.554000,633.940423
3.555000,633.349384
3.556000,632.758791
3.557000,632.168644
3.558000,631.578942
3.559000,630.989687
3.560000,630.400876
3.561000,629.812510
3.562000,629.224589
3.563000,628.637111
3.564000,628.050077
3.565000,627.463487
3.566000,626.877340
3.567000,626.291636
3.568000,625.706374
3.569000,625.121555
3.570000,624.537177
3.571000,623.953241
3.572000,623.369746
3.573000,622.786692
3.574000,622.204078
3.575000,621.621906
3.576000,621.040172
3.577000,620.458880
3.578000,619.878025
3.579000,619.297610
3.580000,618.717634
3.581000,618.138096
3.582000,617.558997
3.583000,616.980335
3.584000,616.402111
3.585000,615.824324
3.586000,615.246974
3.587000,614.670060
3.588000,614.093583
3.589000,613.517542
3.590000,612.941936
3.591000,612.366765
3.592000,611.792030
3.593000,611.217729
3.594000,610.643862
3.595000,610.070430
3.596000,609.497432
3.597000,608.924867
3.598000,608.352735
3.599000,607.781035
3.600000,607.209769
3.601000,606.638934
3.602000,606.068533
3.603000,605.498562
3.604000,604.929023
3.605000,604.359914
3.606000,603.791236
3.607000,603.222989
3.608000,602.655172
3.609000,602.087784
3.610000,601.520827
3.611000,600.954298
3.612000,600.388198
3.613000,599.822527
3.614000,599.257284
3.615000,598.692469
3.616000,598.128082
3.617000,597.564121
3.618000,597.000588
3.619000,596.437482
3.620000,595.874802
3.621000,595.312548
3.622000,594.750720
3.623000,594.189318
3.624000,593.628341
3.625000,593.067789
3.626000,592.507662
3.627000,591.947959
3.628000,591.388680
3.629000,590.829824
3.630000,590.271392
3.631000,589.713383
3.632000,589.155798
3.633000,588.598635
3.634000,588.041893
3.635000,587.485574
3.636000,586.929677
3.637000,586.374200
3.638000,585.819145
3.639000,585.264511
3.640000,584.710296
3.641000,584.156502
3.642000,583.603129
3.643000,583.050174
3.644000,582.497639
3.645000,581.945522
3.646000,581.393825
3.647000,580.842545
3.648000,580.291684
3.649000,579.741241
3.650000,579.191215
3.651000,578.641606
3.652000,578.092415
3.653000,577.543639
3.654000,576.995280
3.655000,576.447337
3.656000,575.899810
3.657000,575.352698
3.658000,574.806002
3.659000,574.259719
3.660000,573.713852
3.661000,573.168399
3.662000,572.623360
3.663000,572.078734
3.664000,571.534522
3.665000,570.990722
3.666000,570.447336
3.667000,569.904363
3.668000,569.361801
3.669000,568.819651
3.670000,568.277912
3.671000,567.736586
3.672000,567.195670
3.673000,566.655165
3.674000,566.115070
3.675000,565.575385
3.676000,565.036111
3.677000,564.497246
3.678000,563.958790
3.679000,563.420743
3.680000,562.883104
3.681000,562.345875
3.682000,561.809053
3.683000,561.272639
3.684000,560.736633
3.685000,560.201034
3.686000,559.665842
3.687000,559.131057
3.688000,558.596678
3.689000,558.062704
3.690000,557.529137
3.691000,556.995976
3.692000,556.463219
3.693000,555.930868
3.694000,555.398922
3.695000,554.867379
3.696000,554.336241
3.697000,553.805506
3.698000,553.275175
3.699000,552.745247
3.700000,552.215723
3.701000,551.686600
3.702000,551.157881
3.703000,550.629563
3.704000,550.101647
3.705000,549.574133
3.706000,549.047020
3.707000,548.520308
3.708000,547.993995
3.709000,547.468084
3.710000,546.942573
3.711000,546.417462
3.712000,545.892750
3.713000,545.368438
3.714000,544.844524
3.715000,544.321009
3.716000,543.797893
3.717000,543.275174
3.718000,542.752855
3.719000,542.230932
3.720000,541.709406
3.721000,541.188277
3.722000,540.667544
3.723000,540.147209
3.724000,539.627269
3.725000,539.107726
3.726000,538.588578
3.727000,538.069825
3.728000,537.551467
3.729000,537.033505
3.730000,536.515936
3.731000,535.998761
3.732000,535.481981
3.733000,534.965594
3.734000,534.449601
3.735000,533.934000
3.736000,533.418792
3.737000,532.903977
3.738000,532.389553
3.739000,531.875523
3.740000,531.361883
3.741000,530.848635
3.742000,530.335777
3.743000,529.823312
3.744000,529.311236
3.745000,528.799550
3.746000,528.288255
3.747000,527.777350
3.748000,527.266833
3.749000,526.756706
3.750000,526.246967
3.751000,525.737618
3.752000,525.228656
3.753000,524.720083
3.754000,524.211898
3.755000,523.704099
3.756000,523.196689
3.757000,522.689664
3.758000,522.183028
3.759000,521.676776
3.760000,521.170912
3.761000,520.665433
3.762000,520.160340
3.763000,519.655632
3.764000,519.151308
3.765000,518.647370
3.766000,518.143816
3.767000,517.640647
3.768000,517.137861
3.769000,516.635459
3.770000,516.133440
3.771000,515.631804
3.772000,515.130552
3.773000,514.629681
3.774000,514.129193
3.775000,513.629087
3.776000,513.129363
3.777000,512.630020
3.778000,512.131058
3.779000,511.632477
3.780000,511.134277
3.781000,510.636457
3.782000,510.139017
3.783000,509.641957
3.784000,509.145277
3.785000,508.648976
3.786000,508.153054
3.787000,507.657511
3.788000,507.162346
3.789000,506.667559
3.790000,506.173150
3.791000,505.679118
3.792000,505.185465
3.793000,504.692188
3.794000,504.199288
3.795000,503.706765
3.796000,503.214617
3.797000,502.722847
3.798000,502.231451
3.799000,501.740432
3.800000,501.249787
3.801000,500.759517
3.802000,500.269622
3.803000,499.780102
3.804000,499.290956
3.805000,498.802183
3.806000,498.313784
3.807000,497.825759
3.808000,497.338107
3.809000,496.850826
3.810000,496.363919
3.811000,495.877384
3.812000,495.391222
3.813000,494.905431
3.814000,494.420011
3.815000,493.934963
3.816000,493.450285
3.817000,492.965978
3.818000,492.482041
3.819000,491.998475
3.820000,491.515278
3.821000,491.032451
3.822000,490.549994
3.823000,490.067905
3.824000,489.586185
3.825000,489.104834
3.826000,488.623851
3.827000,488.143236
3.828000,487.662989
3.829000,487.183109
3.830000,486.703596
3.831000,486.224451
3.832000,485.745672
3.833000,485.267259
3.834000,484.789212
3.835000,484.311532
3.836000,483.834217
3.837000,483.357268
3.838000,482.880684
3.839000,482.404464
3.840000,481.928609
3.841000,481.453118
3.842000,480.977991
3.843000,480.503228
3.844000,480.028828
3.845000,479.554793
3.846000,479.081119
3.847000,478.607808
3.848000,478.134861
3.849000,477.662274
3.850000,477.190051
3.851000,476.718189
3.852000,476.246688
3.853000,475.775548
3.854000,475.304770
3.855000,474.834351
3.856000,474.364293
3.857000,473.894596
3.858000,473.425258
3.859000,472.956279
3.860000,472.487661
3.861000,472.019401
3.862000,471.551500
3.863000,471.083957
3.864000,470.616773
3.865000,470.149946
3.866000,469.683478
3.867000,469.217367
3.868000,468.751614
3.869000,468.286217
3.870000,467.821177
3.871000,467.356494
3.872000,466.892166
3.873000,466.428194
3.874000,465.964579
3.875000,465.501318
3.876000,465.038414
3.877000,464.575863
3.878000,464.113668
3.879000,463.651826
3.880000,463.190339
3.881000,462.729207
3.882000,462.268427
3.883000,461.808000
3.884000,461.347928
3.885000,460.888208
3.886000,460.428840
3.887000,459.969825
3.888000,459.511162
3.889000,459.052850
3.890000,458.594891
3.891000,458.137282
3.892000,457.680025
3.893000,457.223118
3.894000,456.766562
3.895000,456.310356
3.896000,455.854500
3.897000,455.398995
3.898000,454.943838
3.899000,454.489031
3.900000,454.034573
3.901000,453.580464
3.902000,453.126702
3.903000,452.673290
3.904000,452.220225
3.905000,451.767508
3.906000,451.315139
3.907000,450.863117
3.908000,450.411441
3.909000,449.960113
3.910000,449.509131
3.911000,449.058495
3.912000,448.608205
3.913000,448.158261
3.914000,447.708662
3.915000,447.259409
3.916000,446.810500
3.917000,446.361937
3.918000,445.913717
3.919000,445.465842
3.920000,445.018310
3.921000,444.571123
3.922000,444.124278
3.923000,443.677778
3.924000,443.231619
3.925000,442.785804
3.926000,442.340331
3.927000,441.895200
3.928000,441.450411
3.929000,441.005964
3.930000,440.561858
3.931000,440.118093
3.932000,439.674669
3.933000,439.231587
3.934000,438.788844
3.935000,438.346442
3.936000,437.904379
3.937000,437.462656
3.938000,437.021272
3.939000,436.580228
3.940000,436.139523
3.941000,435.699156
3.942000,435.259128
3.943000,434.819437
3.944000,434.380085
3.945000,433.941070
3.946000,433.502394
3.947000,433.064054
3.948000,432.626050
3.949000,432.188384
3.950000,431.751054
3.951000,431.314060
3.952000,430.877402
3.953000,430.441080
3.954000,430.005093
3.955000,429.569442
3.956000,429.134125
3.957000,428.699143
3.958000,428.264496
3.959000,427.830182
3.960000,427.396203
3.961000,426.962557
3.962000,426.529245
3.963000,426.096266
3.964000,425.663620
3.965000,425.231306
3.966000,424.799326
3.967000,424.367677
3.968000,423.936360
3.969000,423.505375
3.970000,423.074722
3.971000,422.644400
3.972000,422.214409
3.973000,421.784748
3.974000,421.355418
3.975000,420.926418
3.976000,420.497749
3.977000,420.069408
3.978000,419.641399
3.979000,419.213717
3.980000,418.786365
3.981000,418.359342
3.982000,417.932647
3.983000,417.506280
3.984000,417.080242
3.985000,416.654532
3.986000,416.229148
3.987000,415.804092
3.988000,415.379364
3.989000,414.954962
3.990000,414.530887
3.991000,414.107138
3.992000,413.683715
3.993000,413.260619
3.994000,412.837847
3.995000,412.415401
3.996000,411.993280
3.997000,411.571484
3.998000,411.150013
3.999000,410.728866
4.000000,410.308044
4.001000,409.887545
4.002000,409.467370
4.003000,409.047519
4.004000,408.627990
4.005000,408.208785
4.006000,407.789902
4.007000,407.371342
4.008000,406.953103
4.009000,406.535187
4.010000,406.117593
4.011000,405.700321
4.012000,405.283369
4.013000,404.866739
4.014000,404.450430
4.015000,404.034441
4.016000,403.618772
4.017000,403.203423
4.018000,402.788394
4.019000,402.373685
4.020000,401.959295
4.021000,401.545224
4.022000,401.131472
4.023000,400.718039
4.024000,400.304925
4.025000,399.892128
4.026000,399.479649
4.027000,399.067488
4.028000,398.655644
4.029000,398.244118
4.030000,397.832909
4.031000,397.422016
4.032000,397.011440
4.033000,396.601180
4.034000,396.191236
4.035000,395.781608
4.036000,395.372295
4.037000,394.963298
4.038000,394.554616
4.039000,394.146249
4.040000,393.738196
4.041000,393.330457
4.042000,392.923033
4.043000,392.515922
4.044000,392.109126
4.045000,391.702642
4.046000,391.296472
4.047000,390.890615
4.048000,390.485071
4.049000,390.079838
4.050000,389.674919
4.051000,389.270311
4.052000,388.866016
4.053000,388.462031
4.054000,388.058357
4.055000,387.654996
4.056000,387.251945
4.057000,386.849203
4.058000,386.446774
4.059000,386.044653
4.060000,385.642843
4.061000,385.241342
4.062000,384.840151
4.063000,384.439269
4.064000,384.038695
4.065000,383.638431
4.066000,383.238476
4.067000,382.838828
4.068000,382.439488
4.069000,382.040457
4.070000,381.641732
4.071000,381.243316
4.072000,380.845206
4.073000,380.447403
4.074000,380.049906
4.075000,379.652717
4.076000,379.255833
4.077000,378.859255
4.078000,378.462983
4.079000,378.067016
4.080000,377.671355
4.081000,377.275999
4.082000,376.880947
4.083000,376.486200
4.084000,376.091756
4.085000,375.697618
4.086000,375.303784
4.087000,374.910252
4.088000,374.517024
4.089000,374.124099
4.090000,373.731477
4.091000,373.339158
4.092000,372.947142
4.093000,372.555428
4.094000,372.164015
4.095000,371.772905
4.096000,371.382095
4.097000,370.991587
4.098000,370.601381
4.099000,370.211475
4.100000,369.821870
4.101000,369.432566
4.102000,369.043561
4.103000,368.654857
4.104000,368.266452
4.105000,367.878346
4.106000,367.490540
4.107000,367.103033
4.108000,366.715825
4.109000,366.328915
4.110000,365.942303
4.111000,365.555990
4.112000,365.169975
4.113000,364.784257
4.114000,364.398837
4.115000,364.013714
4.116000,363.628887
4.117000,363.244358
4.118000,362.860125
4.119000,362.476190
4.120000,362.092549
4.121000,361.709204
4.122000,361.326156
4.123000,360.943402
4.124000,360.560943
4.125000,360.178780
4.126000,359.796911
4.127000,359.415337
4.128000,359.034058
4.129000,358.653072
4.130000,358.272379
4.131000,357.891981
4.132000,357.511876
4.133000,357.132065
4.134000,356.752545
4.135000,356.373319
4.136000,355.994385
4.137000,355.615744
4.138000,355.237394
4.139000,354.859337
4.140000,354.481571
4.141000,354.104096
4.142000,353.726912
4.143000,353.350019
4.144000,352.973417
4.145000,352.597105
4.146000,352.221084
4.147000,351.845353
4.148000,351.469912
4.149000,351.094759
4.150000,350.719897
4.151000,350.345324
4.152000,349.971039
4.153000,349.597043
4.154000,349.223336
4.155000,348.849916
4.156000,348.476785
4.157000,348.103942
4.158000,347.731386
4.159000,347.359117
4.160000,346.987136
4.161000,346.615442
4.162000,346.244034
4.163000,345.872913
4.164000,345.502077
4.165000,345.131528
4.166000,344.761266
4.167000,344.391288
4.168000,344.021596
4.169000,343.652188
4.170000,343.283066
4.171000,342.914228
4.172000,342.545676
4.173000,342.177407
4.174000,341.809422
4.175000,341.441722
4.176000,341.074304
4.177000,340.707170
4.178000,340.340320
4.179000,339.973752
4.180000,339.607467
4.181000,339.241464
4.182000,338.875744
4.183000,338.510306
4.184000,338.145150
4.185000,337.780275
4.186000,337.415682
4.187000,337.051370
4.188000,336.687339
4.189000,336.323588
4.190000,335.960119
4.191000,335.598696
4.192000,335.238146
4.193000,334.877867
4.194000,334.517859
4.195000,334.158121
4.196000,333.798653
4.197000,333.439455
4.198000,333.080527
4.199000,332.721869
4.200000,332.363480
4.201000,332.005361
4.202000,331.647511
4.203000,331.289929
4.204000,330.932616
4.205000,330.575572
4.206000,330.218796
4.207000,329.862288
4.208000,329.506048
4.209000,329.150076
4.210000,328.794372
4.211000,328.438934
4.212000,328.083764
4.213000,327.728862
4.214000,327.374226
4.215000,327.019856
4.216000,326.665753
4.217000,326.311916
4.218000,325.958346
4.219000,325.605041
4.220000,325.252002
4.221000,324.899228
4.222000,324.546720
4.223000,324.194477
4.224000,323.842499
4.225000,323.490786
4.226000,323.139337
4.227000,322.788152
4.228000,322.437232
4.229000,322.086576
4.230000,321.736183
4.231000,321.386055
4.232000,321.036190
4.233000,320.686588
4.234000,320.337249
4.235000,319.988173
4.236000,319.639360
4.237000,319.290809
4.238000,318.942521
4.239000,318.594494
4.240000,318.246730
4.241000,317.899227
4.242000,317.551987
4.243000,317.205007
4.244000,316.858288
4.245000,316.511832
4.246000,316.165635
4.247000,315.819700
4.248000,315.474024
4.249000,315.128609
4.250000,314.783455
4.251000,314.438559
4.252000,314.093924
4.253000,313.749549
4.254000,313.405432
4.255000,313.061575
4.256000,312.717977
4.257000,312.374637
4.258000,312.031557
4.259000,311.688734
4.260000,311.346170
4.261000,311.003864
4.262000,310.661816
4.263000,310.320025
4.264000,309.978492
4.265000,309.637216
4.266000,309.296198
4.267000,308.955436
4.268000,308.614932
4.269000,308.274683
4.270000,307.934691
4.271000,307.594955
4.272000,307.255475
4.273000,306.916252
4.274000,306.577283
4.275000,306.238571
4.276000,305.900113
4.277000,305.561911
4.278000,305.223964
4.279000,304.886270
4.280000,304.548832
4.281000,304.211648
4.282000,303.874719
4.283000,303.538043
4.284000,303.201621
4.285000,302.865453
4.286000,302.529538
4.287000,302.193876
4.288000,301.858468
4.289000,301.523312
4.290000,301.188409
4.291000,300.853758
4.292000,300.519361
4.293000,300.185215
4.294000,299.851320
4.295000,299.517678
4.296000,299.184288
4.297000,298.851148
4.298000,298.518260
4.299000,298.185623
4.300000,297.853237
4.301000,297.521101
4.302000,297.189216
4.303000,296.857582
4.304000,296.526197
4.305000,296.195062
4.306000,295.864178
4.307000,295.533542
4.308000,295.203156
4.309000,294.873020
4.310000,294.543131
4.311000,294.213493
4.312000,293.884103
4.313000,293.554961
4.314000,293.226067
4.315000,292.897423
4.316000,292.569025
4.317000,292.240875
4.318000,291.912973
4.319000,291.585318
4.320000,291.257911
4.321000,290.930750
4.322000,290.603837
4.323000,290.277169
4.324000,289.950749
4.325000,289.624575
4.326000,289.298647
4.327000,288.972964
4.328000,288.647528
4.329000,288.322337
4.330000,287.997392
4.331000,287.672691
4.332000,287.348236
4.333000,287.024025
4.334000,286.700060
4.335000,286.376338
4.336000,286.052861
4.337000,285.729628
4.338000,285.406639
4.339000,285.083894
4.340000,284.761393
4.341000,284.439134
4.342000,284.117119
4.343000,283.795346
4.344000,283.473818
4.345000,283.152530
4.346000,282.831487
4.347000,282.510685
4.348000,282.190126
4.349000,281.869807
4.350000,281.549731
4.351000,281.229898
4.352000,280.910304
4.353000,280.590953
4.354000,280.271841
4.355000,279.952971
4.356000,279.634343
4.357000,279.315954
4.358000,278.997806
4.359000,278.679898
4.360000,278.362230
4.361000,278.044801
4.362000,277.727612
4.363000,277.410662
4.364000,277.093952
4.365000,276.777481
4.366000,276.461249
4.367000,276.145255
4.368000,275.829501
4.369000,275.513984
4.370000,275.198706
4.371000,274.883665
4.372000,274.568862
4.373000,274.254298
4.374000,273.939970
4.375000,273.625880
4.376000,273.312027
4.377000,272.998411
4.378000,272.685031
4.379000,272.371889
4.380000,272.058982
4.381000,271.746312
4.382000,271.433877
4.383000,271.121679
4.384000,270.809716
4.385000,270.497989
4.386000,270.186497
4.387000,269.875241
4.388000,269.564219
4.389000,269.253432
4.390000,268.942880
4.391000,268.632562
4.392000,268.322478
4.393000,268.012629
4.394000,267.703013
4.395000,267.393632
4.396000,267.084483
4.397000,266.775568
4.398000,266.466886
4.399000,266.158438
4.400000,265.850222
4.401000,265.542239
4.402000,265.234488
4.403000,264.926970
4.404000,264.619684
4.405000,264.312629
4.406000,264.005807
4.407000,263.699216
4.408000,263.392857
4.409000,263.086728
4.410000,262.780831
4.411000,262.475165
4.412000,262.169730
4.413000,261.864525
4.414000,261.559551
4.415000,261.254807
4.416000,260.950292
4.417000,260.646009
4.418000,260.341954
4.419000,260.038129
4.420000,259.734533
4.421000,259.431166
4.422000,259.128029
4.423000,258.825121
4.424000,258.522441
4.425000,258.219989
4.426000,257.917766
4.427000,257.615770
4.428000,257.314003
4.429000,257.012464
4.430000,256.711152
4.431000,256.410068
4.432000,256.109211
4.433000,255.808581
4.434000,255.508178
4.435000,255.208002
4.436000,254.908051
4.437000,254.608329
4.438000,254.308831
4.439000,254.009560
4.440000,253.710514
4.441000,253.411695
4.442000,253.113101
4.443000,252.814732
4.444000,252.516589
4.445000,252.218670
4.446000,251.920976
4.447000,251.623508
4.448000,251.326263
4.449000,251.029243
4.450000,250.732447
4.451000,250.435875
4.452000,250.139527
4.453000,249.843402
4.454000,249.547501
4.455000,249.251822
4.456000,248.956368
4.457000,248.661136
4.458000,248.366127
4.459000,248.071341
4.460000,247.776777
4.461000,247.482435
4.462000,247.188316
4.463000,246.894418
4.464000,246.600742
4.465000,246.307287
4.466000,246.014054
4.467000,245.721042
4.468000,245.428252
4.469000,245.135682
4.470000,244.843333
4.471000,244.551204
4.472000,244.259296
4.473000,243.967609
4.474000,243.676141
4.475000,243.384893
4.476000,243.093865
4.477000,242.803056
4.478000,242.512466
4.479000,242.222096
4.480000,241.931945
4.481000,241.642013
4.482000,241.352300
4.483000,241.062804
4.484000,240.773528
4.485000,240.484469
4.486000,240.195629
4.487000,239.907006
4.488000,239.618601
4.489000,239.330414
4.490000,239.042444
4.491000,238.754691
4.492000,238.467156
4.493000,238.179836
4.494000,237.892734
4.495000,237.605848
4.496000,237.319179
4.497000,237.032725
4.498000,236.746488
4.499000,236.460466
4.500000,236.174661
4.501000,235.889070
4.502000,235.603695
4.503000,235.318536
4.504000,235.033591
4.505000,234.748861
4.506000,234.464345
4.507000,234.180045
4.508000,233.895958
4.509000,233.612086
4.510000,233.328427
4.511000,233.044983
4.512000,232.761752
4.513000,232.478735
4.514000,232.195931
4.515000,231.913340
4.516000,231.630962
4.517000,231.348798
4.518000,231.066845
4.519000,230.785105
4.520000,230.503578
4.521000,230.222263
4.522000,229.941159
4.523000,229.660268
4.524000,229.379588
4.525000,229.099120
4.526000,228.818863
4.527000,228.538817
4.528000,228.258983
4.529000,227.979358
4.530000,227.699946
4.531000,227.420743
4.532000,227.141751
4.533000,226.862968
4.534000,226.584397
4.535000,226.306035
4.536000,226.027883
4.537000,225.749939
4.538000,225.472206
4.539000,225.194682
4.540000,224.917366
4.541000,224.640260
4.542000,224.363362
4.543000,224.086674
4.544000,223.810193
4.545000,223.533921
4.546000,223.257856
4.547000,222.982000
4.548000,222.706351
4.549000,222.430910
4.550000,222.155676
4.551000,221.880650
4.552000,221.605831
4.553000,221.331219
4.554000,221.056813
4.555000,220.782614
4.556000,220.508622
4.557000,220.234835
4.558000,219.961255
4.559000,219.687881
4.560000,219.414713
4.561000,219.141750
4.562000,218.868993
4.563000,218.596441
4.564000,218.324094
4.565000,218.051953
4.566000,217.780016
4.567000,217.508283
4.568000,217.236756
4.569000,216.965432
4.570000,216.694313
4.571000,216.423398
4.572000,216.152687
4.573000,215.882179
4.574000,215.611875
4.575000,215.341774
4.576000,215.071877
4.577000,214.802183
4.578000,214.532692
4.579000,214.263403
4.580000,213.994317
4.581000,213.725434
4.582000,213.456754
4.583000,213.188277
4.584000,212.920003
4.585000,212.651930
4.586000,212.384059
4.587000,212.116390
4.588000,211.848921
4.589000,211.581655
4.590000,211.314590
4.591000,211.047726
4.592000,210.781062
4.593000,210.514599
4.594000,210.248337
4.595000,209.982275
4.596000,209.716413
4.597000,209.450752
4.598000,209.185291
4.599000,208.920029
4.600000,208.654966
4.601000,208.390104
4.602000,208.125440
4.603000,207.860975
4.604000,207.596710
4.605000,207.332643
4.606000,207.068775
4.607000,206.805105
4.608000,206.541634
4.609000,206.278361
4.610000,206.015286
4.611000,205.752409
4.612000,205.489730
4.613000,205.227249
4.614000,204.964964
4.615000,204.702877
4.616000,204.440987
4.617000,204.179293
4.618000,203.917796
4.619000,203.656497
4.620000,203.395394
4.621000,203.134487
4.622000,202.873775
4.623000,202.613261
4.624000,202.352942
4.625000,202.092818
4.626000,201.832891
4.627000,201.573158
4.628000,201.313621
4.629000,201.054279
4.630000,200.795131
4.631000,200.536179
4.632000,200.277421
4.633000,200.018858
4.634000,199.760488
4.635000,199.502313
4.636000,199.244332
4.637000,198.986544
4.638000,198.728951
4.639000,198.471552
4.640000,198.214344
4.641000,197.957331
4.642000,197.700511
4.643000,197.443883
4.644000,197.187448
4.645000,196.931206
4.646000,196.675156
4.647000,196.419299
4.648000,196.163633
4.649000,195.908161
4.650000,195.652878
4.651000,195.397789
4.652000,195.142890
4.653000,194.888184
4.654000,194.633668
4.655000,194.379344
4.656000,194.125210
4.657000,193.871267
4.658000,193.617514
4.659000,193.363953
4.660000,193.110581
4.661000,192.857400
4.662000,192.604409
4.663000,192.351607
4.664000,192.098995
4.665000,191.846573
4.666000,191.594340
4.667000,191.342296
4.668000,191.090442
4.669000,190.838777
4.670000,190.587300
4.671000,190.336011
4.672000,190.084912
4.673000,189.834000
4.674000,189.583278
4.675000,189.332743
4.676000,189.082395
4.677000,188.832236
4.678000,188.582264
4.679000,188.332480
4.680000,188.082883
4.681000,187.833473
4.682000,187.584250
4.683000,187.335215
4.684000,187.086365
4.685000,186.837702
4.686000,186.589226
4.687000,186.340936
4.688000,186.092832
4.689000,185.844913
4.690000,185.597181
4.691000,185.349634
4.692000,185.102273
4.693000,184.855097
4.694000,184.608107
4.695000,184.361302
4.696000,184.114681
4.697000,183.868245
4.698000,183.621994
4.699000,183.375927
4.700000,183.130045
4.701000,182.884347
4.702000,182.638833
4.703000,182.393502
4.704000,182.148356
4.705000,181.903392
4.706000,181.658613
4.707000,181.414017
4.708000,181.169603
4.709000,180.925374
4.710000,180.681326
4.711000,180.437462
4.712000,180.193780
4.713000,179.950280
4.714000,179.706963
4.715000,179.463828
4.716000,179.220875
4.717000,178.978103
4.718000,178.735513
4.719000,178.493105
4.720000,178.250879
4.721000,178.008833
4.722000,177.766968
4.723000,177.525285
4.724000,177.283783
4.725000,177.042460
4.726000,176.801318
4.727000,176.560358
4.728000,176.319577
4.729000,176.078976
4.730000,175.838555
4.731000,175.598314
4.732000,175.358252
4.733000,175.118370
4.734000,174.878668
4.735000,174.639144
4.736000,174.399801
4.737000,174.160635
4.738000,173.921648
4.739000,173.682841
4.740000,173.444211
4.741000,173.205761
4.742000,172.967488
4.743000,172.729392
4.744000,172.491476
4.745000,172.253737
4.746000,172.016175
4.747000,171.778792
4.748000,171.541585
4.749000,171.304555
4.750000,171.067703
4.751000,170.831028
4.752000,170.594529
4.753000,170.358207
4.754000,170.122062
4.755000,169.886092
4.756000,169.650300
4.757000,169.414683
4.758000,169.179242
4.759000,168.943977
4.760000,168.708887
4.761000,168.473974
4.762000,168.239235
4.763000,168.004672
4.764000,167.770283
4.765000,167.536070
4.766000,167.302031
4.767000,167.068167
4.768000,166.834478
4.769000,166.600963
4.770000,166.367623
4.771000,166.134456
4.772000,165.901463
4.773000,165.668644
4.774000,165.435999
4.775000,165.203527
4.776000,164.971229
4.777000,164.739104
4.778000,164.507152
4.779000,164.275373
4.780000,164.043767
4.781000,163.812334
4.782000,163.581073
4.783000,163.349985
4.784000,163.119069
4.785000,162.888325
4.786000,162.657753
4.787000,162.427353
4.788000,162.197124
4.789000,161.967067
4.790000,161.737182
4.791000,161.507468
4.792000,161.277925
4.793000,161.048553
4.794000,160.819352
4.795000,160.590321
4.796000,160.361462
4.797000,160.132773
4.798000,159.904254
4.799000,159.675906
4.800000,159.447728
4.801000,159.219719
4.802000,158.991880
4.803000,158.764211
4.804000,158.536711
4.805000,158.309381
4.806000,158.082220
4.807000,157.855228
4.808000,157.628406
4.809000,157.401751
4.810000,157.175265
4.811000,156.948949
4.812000,156.722800
4.813000,156.496820
4.814000,156.271008
4.815000,156.045365
4.816000,155.819889
4.817000,155.594580
4.818000,155.369440
4.819000,155.144466
4.820000,154.919660
4.821000,154.695022
4.822000,154.470550
4.823000,154.246245
4.824000,154.022107
4.825000,153.798136
4.826000,153.574331
4.827000,153.350693
4.828000,153.127220
4.829000,152.903914
4.830000,152.680775
4.831000,152.457800
4.832000,152.234992
4.833000,152.012349
4.834000,151.789872
4.835000,151.567560
4.836000,151.345413
4.837000,151.123431
4.838000,150.901614
4.839000,150.679962
4.840000,150.458474
4.841000,150.237152
4.842000,150.015993
4.843000,149.794998
4.844000,149.574168
4.845000,149.353502
4.846000,149.133000
4.847000,148.912661
4.848000,148.692486
4.849000,148.472474
4.850000,148.252626
4.851000,148.032940
4.852000,147.813418
4.853000,147.594059
4.854000,147.374862
4.855000,147.155828
4.856000,146.936958
4.857000,146.718248
4.858000,146.499702
4.859000,146.281318
4.860000,146.063095
4.861000,145.845034
4.862000,145.627136
4.863000,145.409398
4.864000,145.191823
4.865000,144.974408
4.866000,144.757155
4.867000,144.540062
4.868000,144.323131
4.869000,144.106361
4.870000,143.889751
4.871000,143.673302
4.872000,143.457013
4.873000,143.240885
4.874000,143.024916
4.875000,142.809108
4.876000,142.593459
4.877000,142.377971
4.878000,142.162642
4.879000,141.947473
4.880000,141.732463
4.881000,141.517612
4.882000,141.302920
4.883000,141.088387
4.884000,140.874014
4.885000,140.659799
4.886000,140.445742
4.887000,140.231844
4.888000,140.018105
4.889000,139.804523
4.890000,139.591100
4.891000,139.377835
4.892000,139.164727
4.893000,138.951777
4.894000,138.738985
4.895000,138.526350
4.896000,138.313873
4.897000,138.101553
4.898000,137.889389
4.899000,137.677383
4.900000,137.465533
4.901000,137.253841
4.902000,137.042305
4.903000,136.830925
4.904000,136.619702
4.905000,136.408635
4.906000,136.197724
4.907000,135.986968
4.908000,135.776368
4.909000,135.565925
4.910000,135.355636
4.911000,135.145503
4.912000,134.935526
4.913000,134.725704
4.914000,134.516036
4.915000,134.306524
4.916000,134.097166
4.917000,133.887963
4.918000,133.678914
4.919000,133.470021
4.920000,133.261280
4.921000,133.052696
4.922000,132.844264
4.923000,132.635986
4.924000,132.427862
4.925000,132.219892
4.926000,132.012075
4.927000,131.804412
4.928000,131.596901
4.929000,131.389545
4.930000,131.182341
4.931000,130.975290
4.932000,130.768392
4.933000,130.561646
4.934000,130.355053
4.935000,130.148613
4.936000,129.942325
4.937000,129.736188
4.938000,129.530204
4.939000,129.324372
4.940000,129.118692
4.941000,128.913162
4.942000,128.707785
4.943000,128.502560
4.944000,128.297485
4.945000,128.092562
4.946000,127.887790
4.947000,127.683168
4.948000,127.478698
4.949000,127.274378
4.950000,127.070209
4.951000,126.866190
4.952000,126.662322
4.953000,126.458603
4.954000,126.255035
4.955000,126.051616
4.956000,125.848348
4.957000,125.645229
4.958000,125.442260
4.959000,125.239439
4.960000,125.036770
4.961000,124.834248
4.962000,124.631876
4.963000,124.429653
4.964000,124.227578
4.965000,124.025653
4.966000,123.823876
4.967000,123.622247
4.968000,123.420767
4.969000,123.219435
4.970000,123.018251
4.971000,122.817215
4.972000,122.616328
4.973000,122.415587
4.974000,122.214995
4.975000,122.014550
4.976000,121.814252
4.977000,121.614102
4.978000,121.414099
4.979000,121.214242
4.980000,121.014533
4.981000,120.814970
4.982000,120.615554
4.983000,120.416285
4.984000,120.217163
4.985000,120.018186
4.986000,119.819356
4.987000,119.620672
4.988000,119.422134
4.989000,119.223741
4.990000,119.025494
4.991000,118.827393
4.992000,118.629437
4.993000,118.431627
4.994000,118.233962
4.995000,118.036443
4.996000,117.839067
4.997000,117.641838
4.998000,117.444752
4.999000,117.247813
5.000000,117.051016
5.001000,116.854365
5.002000,116.657857
5.003000,116.461495
5.004000,116.265275
5.005000,116.069200
5.006000,115.873269
5.007000,115.677482
5.008000,115.481837
5.009000,115.286337
5.010000,115.090980
5.011000,114.895767
5.012000,114.700696
5.013000,114.505768
5.014000,114.310983
5.015000,114.116341
5.016000,113.921842
5.017000,113.727485
5.018000,113.533270
5.019000,113.339198
5.020000,113.145268
5.021000,112.951481
5.022000,112.757835
5.023000,112.564330
5.024000,112.370968
5.025000,112.177748
5.026000,111.984669
5.027000,111.791731
5.028000,111.598934
5.029000,111.406279
5.030000,111.213765
5.031000,111.021391
5.032000,110.829158
5.033000,110.637067
5.034000,110.445115
5.035000,110.253304
5.036000,110.061634
5.037000,109.870103
5.038000,109.678714
5.039000,109.487463
5.040000,109.296353
5.041000,109.105383
5.042000,108.914552
5.043000,108.723860
5.044000,108.533308
5.045000,108.342896
5.046000,108.152623
5.047000,107.962488
5.048000,107.772494
5.049000,107.582637
5.050000,107.392919
5.051000,107.203340
5.052000,107.013900
5.053000,106.824597
5.054000,106.635434
5.055000,106.446409
5.056000,106.257521
5.057000,106.068771
5.058000,105.880160
5.059000,105.691686
5.060000,105.503350
5.061000,105.315150
5.062000,105.127089
5.063000,104.939165
5.064000,104.751378
5.065000,104.563728
5.066000,104.376215
5.067000,104.188839
5.068000,104.001600
5.069000,103.813349
5.070000,103.626617
5.071000,103.440056
5.072000,103.253665
5.073000,103.067444
5.074000,102.881394
5.075000,102.695513
5.076000,102.509801
5.077000,102.324258
5.078000,102.138883
5.079000,101.953678
5.080000,101.768639
5.081000,101.583769
5.082000,101.399065
5.083000,101.214529
5.084000,101.030160
5.085000,100.845957
5.086000,100.661921
5.087000,100.478049
5.088000,100.294344
5.089000,100.110804
5.090000,99.927428
5.091000,99.744217
5.092000,99.561172
5.093000,99.378289
5.094000,99.195570
5.095000,99.013015
5.096000,98.830623
5.097000,98.648394
5.098000,98.466326
5.099000,98.284422
5.100000,98.102680
5.101000,97.921099
5.102000,97.739679
5.103000,97.558421
5.104000,97.377323
5.105000,97.196387
5.106000,97.015610
5.107000,96.834994
5.108000,96.654536
5.109000,96.474238
5.110000,96.294100
5.111000,96.114121
5.112000,95.934299
5.113000,95.754636
5.114000,95.575131
5.115000,95.395784
5.116000,95.216595
5.117000,95.037562
5.118000,94.858687
5.119000,94.679967
5.120000,94.501405
5.121000,94.322998
5.122000,94.144748
5.123000,93.966653
5.124000,93.788713
5.125000,93.610928
5.126000,93.433298
5.127000,93.255822
5.128000,93.078501
5.129000,92.901334
5.130000,92.724321
5.131000,92.547460
5.132000,92.370754
5.133000,92.194199
5.134000,92.017798
5.135000,91.841549
5.136000,91.665453
5.137000,91.489508
5.138000,91.313714
5.139000,91.138073
5.140000,90.962583
5.141000,90.787242
5.142000,90.612054
5.143000,90.437015
5.144000,90.262126
5.145000,90.087388
5.146000,89.912799
5.147000,89.738359
5.148000,89.564069
5.149000,89.389927
5.150000,89.215935
5.151000,89.042090
5.152000,88.868394
5.153000,88.694845
5.154000,88.521445
5.155000,88.348192
5.156000,88.175086
5.157000,88.002127
5.158000,87.829315
5.159000,87.656650
5.160000,87.484130
5.161000,87.311757
5.162000,87.139529
5.163000,86.967447
5.164000,86.795511
5.165000,86.623719
5.166000,86.452073
5.167000,86.280571
5.168000,86.109213
5.169000,85.938000
5.170000,85.766930
5.171000,85.596005
5.172000,85.425223
5.173000,85.254583
5.174000,85.084088
5.175000,84.913735
5.176000,84.743524
5.177000,84.573456
5.178000,84.403530
5.179000,84.233746
5.180000,84.064104
5.181000,83.894603
5.182000,83.725244
5.183000,83.556025
5.184000,83.386948
5.185000,83.218011
5.186000,83.049214
5.187000,82.880558
5.188000,82.712041
5.189000,82.543665
5.190000,82.375428
5.191000,82.207330
5.192000,82.039371
5.193000,81.871551
5.194000,81.703870
5.195000,81.536327
5.196000,81.368923
5.197000,81.201657
5.198000,81.034528
5.199000,80.867537
5.200000,80.700684
5.201000,80.533968
5.202000,80.367389
5.203000,80.200947
5.204000,80.034641
5.205000,79.868471
5.206000,79.702438
5.207000,79.536541
5.208000,79.370780
5.209000,79.205154
5.210000,79.039664
5.211000,78.874308
5.212000,78.709089
5.213000,78.544003
5.214000,78.379053
5.215000,78.214236
5.216000,78.049554
5.217000,77.885006
5.218000,77.720591
5.219000,77.556311
5.220000,77.392163
5.221000,77.228150
5.222000,77.064268
5.223000,76.900520
5.224000,76.736905
5.225000,76.573422
5.226000,76.410071
5.227000,76.246852
5.228000,76.083765
5.229000,75.920810
5.230000,75.757987
5.231000,75.595294
5.232000,75.432732
5.233000,75.270302
5.234000,75.108003
5.235000,74.945834
5.236000,74.783796
5.237000,74.621887
5.238000,74.460109
5.239000,74.298460
5.240000,74.136941
5.241000,73.975551
5.242000,73.814292
5.243000,73.653160
5.244000,73.492158
5.245000,73.331284
5.246000,73.170540
5.247000,73.009923
5.248000,72.849434
5.249000,72.689074
5.250000,72.528842
5.251000,72.368736
5.252000,72.208760
5.253000,72.048910
5.254000,71.889186
5.255000,71.729590
5.256000,71.570122
5.257000,71.410779
5.258000,71.251563
5.259000,71.092473
5.260000,70.933509
5.261000,70.774670
5.262000,70.615958
5.263000,70.457372
5.264000,70.298911
5.265000,70.140575
5.266000,69.982364
5.267000,69.824278
5.268000,69.666316
5.269000,69.508480
5.270000,69.350767
5.271000,69.193179
5.272000,69.035715
5.273000,68.878375
5.274000,68.721158
5.275000,68.564065
5.276000,68.407095
5.277000,68.250248
5.278000,68.093525
5.279000,67.936925
5.280000,67.780447
5.281000,67.624092
5.282000,67.467859
5.283000,67.311748
5.284000,67.155760
5.285000,66.999893
5.286000,66.844148
5.287000,66.688525
5.288000,66.533023
5.289000,66.377642
5.290000,66.222383
5.291000,66.067245
5.292000,65.912227
5.293000,65.757329
5.294000,65.602553
5.295000,65.447897
5.296000,65.293361
5.297000,65.138945
5.298000,64.984649
5.299000,64.830472
5.300000,64.676415
5.301000,64.522477
5.302000,64.368659
5.303000,64.214960
5.304000,64.061380
5.305000,63.907918
5.306000,63.754575
5.307000,63.601350
5.308000,63.448244
5.309000,63.295257
5.310000,63.142387
5.311000,62.989634
5.312000,62.837001
5.313000,62.684483
5.314000,62.532084
5.315000,62.379802
5.316000,62.227637
5.317000,62.075589
5.318000,61.923658
5.319000,61.771843
5.320000,61.620146
5.321000,61.468564
5.322000,61.317099
5.323000,61.165749
5.324000,61.014516
5.325000,60.863399
5.326000,60.712397
5.327000,60.561511
5.328000,60.410740
5.329000,60.260084
5.330000,60.109544
5.331000,59.959119
5.332000,59.808808
5.333000,59.658612
5.334000,59.508531
5.335000,59.358563
5.336000,59.208710
5.337000,59.058972
5.338000,58.909346
5.339000,58.759835
5.340000,58.610438
5.341000,58.461154
5.342000,58.311984
5.343000,58.162927
5.344000,58.013982
5.345000,57.865152
5.346000,57.716433
5.347000,57.567828
5.348000,57.419335
5.349000,57.270955
5.350000,57.122687
5.351000,56.974531
5.352000,56.826487
5.353000,56.678555
5.354000,56.530735
5.355000,56.383026
5.356000,56.235429
5.357000,56.087944
5.358000,55.940569
5.359000,55.793306
5.360000,55.646153
5.361000,55.499111
5.362000,55.352181
5.363000,55.205361
5.364000,55.058651
5.365000,54.912051
5.366000,54.765562
5.367000,54.619183
5.368000,54.472913
5.369000,54.326754
5.370000,54.180703
5.371000,54.034763
5.372000,53.888932
5.373000,53.743211
5.374000,53.597598
5.375000,53.452094
5.376000,53.306700
5.377000,53.161414
5.378000,53.016237
5.379000,52.871169
5.380000,52.726208
5.381000,52.581356
5.382000,52.436612
5.383000,52.291976
5.384000,52.147448
5.385000,52.003028
5.386000,51.858715
5.387000,51.714510
5.388000,51.570413
5.389000,51.426422
5.390000,51.282539
5.391000,51.138762
5.392000,50.995094
5.393000,50.851531
5.394000,50.708075
5.395000,50.564725
5.396000,50.421482
5.397000,50.278346
5.398000,50.135315
5.399000,49.992390
5.400000,49.849573
5.401000,49.706859
5.402000,49.564252
5.403000,49.421751
5.404000,49.279355
5.405000,49.137064
5.406000,48.994879
5.407000,48.852798
5.408000,48.710822
5.409000,48.568952
5.410000,48.427186
5.411000,48.285525
5.412000,48.143969
5.413000,48.002516
5.414000,47.861168
5.415000,47.719924
5.416000,47.578784
5.417000,47.437749
5.418000,47.296816
5.419000,47.155987
5.420000,47.015263
5.421000,46.874641
5.422000,46.734123
5.423000,46.593708
5.424000,46.453397
5.425000,46.313188
5.426000,46.173082
5.427000,46.033079
5.428000,45.893179
5.429000,45.753381
5.430000,45.613685
5.431000,45.474092
5.432000,45.334601
5.433000,45.195212
5.434000,45.055926
5.435000,44.916741
5.436000,44.777657
5.437000,44.638676
5.438000,44.499797
5.439000,44.361018
5.440000,44.222341
5.441000,44.083765
5.442000,43.945290
5.443000,43.806916
5.444000,43.668643
5.445000,43.530471
5.446000,43.392400
5.447000,43.254429
5.448000,43.116558
5.449000,42.978788
5.450000,42.841118
5.451000,42.703549
5.452000,42.566078
5.453000,42.428709
5.454000,42.291439
5.455000,42.154268
5.456000,42.017197
5.457000,41.880226
5.458000,41.743355
5.459000,41.606582
5.460000,41.469909
5.461000,41.333334
5.462000,41.196859
5.463000,41.060482
5.464000,40.924205
5.465000,40.788025
5.466000,40.651944
5.467000,40.515962
5.468000,40.380079
5.469000,40.244293
5.470000,40.108606
5.471000,39.973016
5.472000,39.837525
5.473000,39.702131
5.474000,39.566835
5.475000,39.431637
5.476000,39.296536
5.477000,39.161532
5.478000,39.026626
5.479000,38.891817
5.480000,38.757106
5.481000,38.622490
5.482000,38.487973
5.483000,38.353551
5.484000,38.219227
5.485000,38.085000
5.486000,37.950868
5.487000,37.816833
5.488000,37.682894
5.489000,37.549052
5.490000,37.415306
5.491000,37.281655
5.492000,37.148101
5.493000,37.014642
5.494000,36.881280
5.495000,36.748013
5.496000,36.614841
5.497000,36.481764
5.498000,36.348783
5.499000,36.215897
5.500000,36.083106
5.501000,35.950411
5.502000,35.817810
5.503000,35.685304
5.504000,35.552893
5.505000,35.420576
5.506000,35.288354
5.507000,35.156227
5.508000,35.024193
5.509000,34.892254
5.510000,34.760409
5.511000,34.628658
5.512000,34.497002
5.513000,34.365439
5.514000,34.233969
5.515000,34.102594
5.516000,33.971313
5.517000,33.840123
5.518000,33.709029
5.519000,33.578027
5.520000,33.447118
5.521000,33.316303
5.522000,33.185581
5.523000,33.054951
5.524000,32.924414
5.525000,32.793971
5.526000,32.663620
5.527000,32.533361
5.528000,32.403194
5.529000,32.273120
5.530000,32.143139
5.531000,32.013250
5.532000,31.883452
5.533000,31.753747
5.534000,31.624134
5.535000,31.494612
5.536000,31.365183
5.537000,31.235844
5.538000,31.106597
5.539000,30.977442
5.540000,30.848378
5.541000,30.719406
5.542000,30.590525
5.543000,30.461735
5.544000,30.333035
5.545000,30.204427
5.546000,30.075910
5.547000,29.947483
5.548000,29.819147
5.549000,29.690901
5.550000,29.562746
5.551000,29.434681
5.552000,29.306707
5.553000,29.178823
5.554000,29.051029
5.555000,28.923325
5.556000,28.795711
5.557000,28.668186
5.558000,28.540752
5.559000,28.413407
5.560000,28.286152
5.561000,28.158986
5.562000,28.031910
5.563000,27.904924
5.564000,27.778026
5.565000,27.651217
5.566000,27.524498
5.567000,27.397867
5.568000,27.271326
5.569000,27.144873
5.570000,27.018509
5.571000,26.892234
5.572000,26.766047
5.573000,26.639949
5.574000,26.513939
5.575000,26.388017
5.576000,26.262183
5.577000,26.136438
5.578000,26.010781
5.579000,25.885212
5.580000,25.759730
5.581000,25.634337
5.582000,25.509030
5.583000,25.383813
5.584000,25.258682
5.585000,25.133638
5.586000,25.008682
5.587000,24.883814
5.588000,24.759032
5.589000,24.634338
5.590000,24.509731
5.591000,24.385211
5.592000,24.260777
5.593000,24.136431
5.594000,24.012171
5.595000,23.887998
5.596000,23.763911
5.597000,23.639911
5.598000,23.515997
5.599000,23.392169
5.600000,23.268428
5.601000,23.144772
5.602000,23.021204
5.603000,22.897721
5.604000,22.774324
5.605000,22.651012
5.606000,22.527785
5.607000,22.404642
5.608000,22.281582
5.609000,22.158607
5.610000,22.035716
5.611000,21.912908
5.612000,21.790184
5.613000,21.667544
5.614000,21.544987
5.615000,21.422513
5.616000,21.300124
5.617000,21.177817
5.618000,21.055594
5.619000,20.933453
5.620000,20.811397
5.621000,20.689422
5.622000,20.567532
5.623000,20.445723
5.624000,20.323998
5.625000,20.202355
5.626000,20.080796
5.627000,19.959319
5.628000,19.837925
5.629000,19.716613
5.630000,19.595383
5.631000,19.474236
5.632000,19.353171
5.633000,19.232188
5.634000,19.111289
5.635000,18.990470
5.636000,18.869734
5.637000,18.749080
5.638000,18.628507
5.639000,18.508016
5.640000,18.387608
5.641000,18.267281
5.642000,18.147035
5.643000,18.026871
5.644000,17.906789
5.645000,17.786788
5.646000,17.666868
5.647000,17.547030
5.648000,17.427274
5.649000,17.307598
5.650000,17.188003
5.651000,17.068489
5.652000,16.949056
5.653000,16.829704
5.654000,16.710434
5.655000,16.591244
5.656000,16.472134
5.657000,16.353105
5.658000,16.234157
5.659000,16.115289
5.660000,15.996501
5.661000,15.877794
5.662000,15.759167
5.663000,15.640621
5.664000,15.522154
5.665000,15.403769
5.666000,15.285462
5.667000,15.167236
5.668000,15.049090
5.669000,14.931023
5.670000,14.813037
5.671000,14.695130
5.672000,14.577303
5.673000,14.459555
5.674000,14.341887
5.675000,14.224298
5.676000,14.106789
5.677000,13.989359
5.678000,13.872008
5.679000,13.754737
5.680000,13.637544
5.681000,13.520431
5.682000,13.403396
5.683000,13.286441
5.684000,13.169564
5.685000,13.052767
5.686000,12.936047
5.687000,12.819407
5.688000,12.702845
5.689000,12.586362
5.690000,12.469957
5.691000,12.353631
5.692000,12.237383
5.693000,12.121213
5.694000,12.005122
5.695000,11.889109
5.696000,11.773174
5.697000,11.657316
5.698000,11.541538
5.699000,11.425837
5.700000,11.310213
5.701000,11.194667
5.702000,11.079200
5.703000,10.963810
5.704000,10.848497
5.705000,10.733262
5.706000,10.618105
5.707000,10.503024
5.708000,10.388022
5.709000,10.273096
5.710000,10.158248
5.711000,10.043477
5.712000,9.928783
5.713000,9.814165
5.714000,9.699625
5.715000,9.585162
5.716000,9.470776
5.717000,9.356466
5.718000,9.242234
5.719000,9.128077
5.720000,9.013998
5.721000,8.899995
5.722000,8.786068
5.723000,8.672218
5.724000,8.558444
5.725000,8.444747
5.726000,8.331125
5.727000,8.217580
5.728000,8.104111
5.729000,7.990717
5.730000,7.877401
5.731000,7.764159
5.732000,7.650994
5.733000,7.537905
5.734000,7.424891
5.735000,7.311952
5.736000,7.199090
5.737000,7.086303
5.738000,6.973591
5.739000,6.860955
5.740000,6.748395
5.741000,6.635909
5.742000,6.523499
5.743000,6.411164
5.744000,6.298905
5.745000,6.186719
5.746000,6.074609
5.747000,5.962575
5.748000,5.850615
5.749000,5.738729
5.750000,5.626919
5.751000,5.515183
5.752000,5.403522
5.753000,5.291935
5.754000,5.180424
5.755000,5.068985
5.756000,4.957622
5.757000,4.846334
5.758000,4.735119
5.759000,4.623979
5.760000,4.512912
5.761000,4.401920
5.762000,4.291001
5.763000,4.180157
5.764000,4.069387
5.765000,3.958691
5.766000,3.848068
5.767000,3.737520
5.768000,3.627044
5.769000,3.516642
5.770000,3.406315
5.771000,3.296059
5.772000,3.185879
5.773000,3.075771
5.774000,2.965737
5.775000,2.855776
5.776000,2.745888
5.777000,2.636073
5.778000,2.526331
5.779000,2.416662
5.780000,2.307067
5.781000,2.197543
5.782000,2.088093
5.783000,1.978716
5.784000,1.869412
5.785000,1.760180
5.786000,1.651020
5.787000,1.541934
5.788000,1.432920
5.789000,1.323978
5.790000,1.215109
5.791000,1.106312
5.792000,0.997587
5.793000,0.888934
5.794000,0.780354
5.795000,0.671846
5.796000,0.563410
5.797000,0.455045
5.798000,0.346752
5.799000,0.238532
5.800000,0.130383
5.801000,0.022307
5.802000,0.000000
5.803000,0.000000
5.804000,0.000000
5.805000,0.000000
5.806000,0.000000
5.807000,0.000000
5.808000,0.000000
5.809000,0.000000
5.810000,0.000000
5.811000,0.000000
5.812000,0.000000
5.813000,0.000000
5.814000,0.000000
5.815000,0.000000
5.816000,0.000000
5.817000,0.000000
5.818000,0.000000
5.819000,0.000000
5.820000,0.000000
5.821000,0.000000
5.822000,0.000000
5.823000,0.000000
5.824000,0.000000
5.825000,0.000000
5.826000,0.000000
5.827000,0.000000
5.828000,0.000000
5.829000,0.000000
5.830000,0.000000
5.831000,0.000000
5.832000,0.000000
5.833000,0.000000
5.834000,0.000000
5.835000,0.000000
5.836000,0.000000
5.837000,0.000000
5.838000,0.000000
5.839000,0.000000
5.840000,0.000000
5.841000,0.000000
5.842000,0.000000
5.843000,0.000000
5.844000,0.000000
5.845000,0.000000
5.846000,0.000000
5.847000,0.000000
5.848000,0.000000
5.849000,0.000000
5.850000,0.000000
5.851000,0.000000
5.852000,0.000000
5.853000,0.000000
5.854000,0.000000
5.855000,0.000000
5.856000,0.000000
5.857000,0.000000
5.858000,0.000000
5.859000,0.000000
5.860000,0.000000
5.861000,0.000000
5.862000,0.000000
5.863000,0.000000
5.864000,0.000000
5.865000,0.000000
5.866000,0.000000
5.867000,0.000000
5.868000,0.000000
5.869000,0.000000
5.870000,0.000000
5.871000,0.000000
5.872000,0.000000
5.873000,0.000000
5.874000,0.000000
5.875000,0.000000
5.876000,0.000000
5.877000,0.000000
5.878000,0.000000
5.879000,0.000000
5.880000,0.000000
5.881000,0.000000
5.882000,0.000000
5.883000,0.000000
5.884000,0.000000
5.885000,0.000000
5.886000,0.000000
5.887000,0.000000
5.888000,0.000000
5.889000,0.000000
5.890000,0.000000
5.891000,0.000000
5.892000,0.000000
5.893000,0.000000
5.894000,0.000000
5.895000,0.000000
5.896000,0.000000
5.897000,0.000000
5.898000,0.000000
5.899000,0.000000
5.900000,0.000000
5.901000,0.000000
5.902000,0.000000
5.903000,0.000000
5.904000,0.000000
5.905000,0.000000
5.906000,0.000000
5.907000,0.000000
5.908000,0.000000
5.909000,0.000000
5.910000,0.000000
5.911000,0.000000
5.912000,0.000000
5.913000,0.000000
5.914000,0.000000
5.915000,0.000000
5.916000,0.000000
5.917000,0.000000
5.918000,0.000000
5.919000,0.000000
5.920000,0.000000
5.921000,0.000000
5.922000,0.000000
5.923000,0.000000
5.924000,0.000000
5.925000,0.000000
5.926000,0.000000
5.927000,0.000000
5.928000,0.000000
5.929000,0.000000
5.930000,0.000000
5.931000,0.000000
5.932000,0.000000
5.933000,0.000000
5.934000,0.000000
5.935000,0.000000
5.936000,0.000000
5.937000,0.000000
5.938000,0.000000
5.939000,0.000000
5.940000,0.000000
5.941000,0.000000
5.942000,0.000000
5.943000,0.000000
5.944000,0.000000
5.945000,0.000000
5.946000,0.000000
5.947000,0.000000
5.948000,0.000000
5.949000,0.000000
5.950000,0.000000
5.951000,0.000000
5.952000,0.000000
5.953000,0.000000
5.954000,0.000000
5.955000,0.000000
5.956000,0.000000
5.957000,0.000000
5.958000,0.000000
5.959000,0.000000
5.960000,0.000000
5.961000,0.000000
5.962000,0.000000
5.963000,0.000000
5.964000,0.000000
5.965000,0.000000
5.966000,0.000000
5.967000,0.000000
5.968000,0.000000
5.969000,0.000000
5.970000,0.000000
5.971000,0.000000
5.972000,0.000000
5.973000,0.000000
5.974000,0.000000
5.975000,0.000000
5.976000,0.000000
5.977000,0.000000
5.978000,0.000000
5.979000,0.000000
5.980000,0.000000
5.981000,0.000000
5.982000,0.000000
5.983000,0.000000
5.984000,0.000000
5.985000,0.000000
5.986000,0.000000
5.987000,0.000000
5.988000,0.000000
5.989000,0.000000
5.990000,0.000000
5.991000,0.000000
5.992000,0.000000
5.993000,0.000000
5.994000,0.000000
5.995000,0.000000
5.996000,0.000000
5.997000,0.000000
5.998000,0.000000
5.999000,0.000000
6.000000,0.000000
6.001000,0.000000
6.002000,0.000000
6.003000,0.000000
6.004000,0.000000
6.005000,0.000000
6.006000,0.000000
6.007000,0.000000
6.008000,0.000000
6.009000,0.000000
6.010000,0.000000
6.011000,0.000000
6.012000,0.000000
6.013000,0.000000
6.014000,0.000000
6.015000,0.000000
6.016000,0.000000
6.017000,0.000000
6.018000,0.000000
6.019000,0.000000
6.020000,0.000000
6.021000,0.000000
6.022000,0.000000
6.023000,0.000000
6.024000,0.000000
6.025000,0.000000
6.026000,0.000000
6.027000,0.000000
6.028000,0.000000
6.029000,0.000000
6.030000,0.000000
6.031000,0.000000
6.032000,0.000000
6.033000,0.000000
6.034000,0.000000
6.035000,0.000000
6.036000,0.000000
6.037000,0.000000
6.038000,0.000000
6.039000,0.000000
6.040000,0.000000
6.041000,0.000000
6.042000,0.000000
6.043000,0.000000
6.044000,0.000000
6.045000,0.000000
6.046000,0.000000
6.047000,0.000000
6.048000,0.000000
6.049000,0.000000
6.050000,0.000000
6.051000,0.000000
6.052000,0.000000
6.053000,0.000000
6.054000,0.000000
6.055000,0.000000
6.056000,0.000000
6.057000,0.000000
6.058000,0.000000
6.059000,0.000000
6.060000,0.000000
6.061000,0.000000
6.062000,0.000000
6.063000,0.000000
6.064000,0.000000
6.065000,0.000000
6.066000,0.000000
6.067000,0.000000
6.068000,0.000000
6.069000,0.000000
6.070000,0.000000
6.071000,0.000000
6.072000,0.000000
6.073000,0.000000
6.074000,0.000000
6.075000,0.000000
6.076000,0.000000
6.077000,0.000000
6.078000,0.000000
6.079000,0.000000
6.080000,0.000000
6.081000,0.000000
6.082000,0.000000
6.083000,0.000000
6.084000,0.000000
6.085000,0.000000
6.086000,0.000000
6.087000,0.000000
6.088000,0.000000
6.089000,0.000000
6.090000,0.000000
6.091000,0.000000
6.092000,0.000000
6.093000,0.000000
6.094000,0.000000
6.095000,0.000000
6.096000,0.000000
6.097000,0.000000
6.098000,0.000000
6.099000,0.000000
6.100000,0.000000
6.101000,0.000000
6.102000,0.000000
6.103000,0.000000
6.104000,0.000000
6.105000,0.000000
6.106000,0.000000
6.107000,0.000000
6.108000,0.000000
6.109000,0.000000
6.110000,0.000000
6.111000,0.000000
6.112000,0.000000
6.113000,0.000000
6.114000,0.000000
6.115000,0.000000
6.116000,0.000000
6.117000,0.000000
6.118000,0.000000
6.119000,0.000000
6.120000,0.000000
6.121000,0.000000
6.122000,0.000000
6.123000,0.000000
6.124000,0.000000
6.125000,0.000000
6.126000,0.000000
6.127000,0.000000
6.128000,0.000000
6.129000,0.000000
6.130000,0.000000
6.131000,0.000000
6.132000,0.000000
6.133000,0.000000
6.134000,0.000000
6.135000,0.000000
6.136000,0.000000
6.137000,0.000000
6.138000,0.000000
6.139000,0.000000
6.140000,0.000000
6.141000,0.000000
6.142000,0.000000
6.143000,0.000000
6.144000,0.000000
6.145000,0.000000
6.146000,0.000000
6.147000,0.000000
6.148000,0.000000
6.149000,0.000000
6.150000,0.000000
6.151000,0.000000
6.152000,0.000000
6.153000,0.000000
6.154000,0.000000
6.155000,0.000000
6.156000,0.000000
6.157000,0.000000
6.158000,0.000000
6.159000,0.000000
6.160000,0.000000
6.161000,0.000000
6.162000,0.000000
6.163000,0.000000
6.164000,0.000000
6.165000,0.000000
6.166000,0.000000
6.167000,0.000000
6.168000,0.000000
6.169000,0.000000
6.170000,0.000000
6.171000,0.000000
6.172000,0.000000
6.173000,0.000000
6.174000,0.000000
6.175000,0.000000
6.176000,0.000000
6.177000,0.000000
6.178000,0.000000
6.179000,0.000000
6.180000,0.000000
6.181000,0.000000
6.182000,0.000000
6.183000,0.000000
6.184000,0.000000
6.185000,0.000000
6.186000,0.000000
6.187000,0.000000
6.188000,0.000000
6.189000,0.000000
6.190000,0.000000
6.191000,0.000000
6.192000,0.000000
6.193000,0.000000
6.194000,0.000000
6.195000,0.000000
6.196000,0.000000
6.197000,0.000000
6.198000,0.000000
6.199000,0.000000
6.200000,0.000000
6.201000,0.000000
6.202000,0.000000
6.203000,0.000000
6.204000,0.000000
6.205000,0.000000
6.206000,0.000000
6.207000,0.000000
6.208000,0.000000
6.209000,0.000000
6.210000,0.000000
6.211000,0.000000
6.212000,0.000000
6.213000,0.000000
6.214000,0.000000
6.215000,0.000000
6.216000,0.000000
6.217000,0.000000
6.218000,0.000000
6.219000,0.000000
6.220000,0.000000
6.221000,0.000000
6.222000,0.000000
6.223000,0.000000
6.224000,0.000000
6.225000,0.000000
6.226000,0.000000
6.227000,0.000000
6.228000,0.000000
6.229000,0.000000
6.230000,0.000000
6.231000,0.000000
6.232000,0.000000
6.233000,0.000000
6.234000,0.000000
6.235000,0.000000
6.236000,0.000000
6.237000,0.000000
6.238000,0.000000
6.239000,0.000000
6.240000,0.000000
6.241000,0.000000
6.242000,0.000000
6.243000,0.000000
6.244000,0.000000
6.245000,0.000000
6.246000,0.000000
6.247000,0.000000
6.248000,0.000000
6.249000,0.000000
6.250000,0.000000
6.251000,0.000000
6.252000,0.000000
6.253000,0.000000
6.254000,0.000000
6.255000,0.000000
6.256000,0.000000
6.257000,0.000000
6.258000,0.000000
6.259000,0.000000
6.260000,0.000000
6.261000,0.000000
6.262000,0.000000
6.263000,0.000000
6.264000,0.000000
6.265000,0.000000
6.266000,0.000000
6.267000,0.000000
6.268000,0.000000
6.269000,0.000000
6.270000,0.000000
6.271000,0.000000
6.272000,0.000000
6.273000,0.000000
6.274000,0.000000
6.275000,0.000000
6.276000,0.000000
6.277000,0.000000
6.278000,0.000000
6.279000,0.000000
6.280000,0.000000
6.281000,0.000000
6.282000,0.000000
6.283000,0.000000
6.284000,0.000000
6.285000,0.000000
6.286000,0.000000
6.287000,0.000000
6.288000,0.000000
6.289000,0.000000
6.290000,0.000000
6.291000,0.000000
6.292000,0.000000
6.293000,0.000000
6.294000,0.000000
6.295000,0.000000
6.296000,0.000000
6.297000,0.000000
6.298000,0.000000
6.299000,0.000000
6.300000,0.000000
6.301000,0.000000
6.302000,0.000000
6.303000,0.000000
6.304000,0.000000
6.305000,0.000000
6.306000,0.000000
6.307000,0.000000
6.308000,0.000000
6.309000,0.000000
6.310000,0.000000
6.311000,0.000000
6.312000,0.000000
6.313000,0.000000
6.314000,0.000000
6.315000,0.000000
6.316000,0.000000
6.317000,0.000000
6.318000,0.000000
6.319000,0.000000
6.320000,0.000000
6.321000,0.000000
6.322000,0.000000
6.323000,0.000000
6.324000,0.000000
6.325000,0.000000
6.326000,0.000000
6.327000,0.000000
6.328000,0.000000
6.329000,0.000000
6.330000,0.000000
6.331000,0.000000
6.332000,0.000000
6.333000,0.000000
6.334000,0.000000
6.335000,0.000000
6.336000,0.000000
6.337000,0.000000
6.338000,0.000000
6.339000,0.000000
6.340000,0.000000
6.341000,0.000000
6.342000,0.000000
6.343000,0.000000
6.344000,0.000000
6.345000,0.000000
6.346000,0.000000
6.347000,0.000000
6.348000,0.000000
6.349000,0.000000
6.350000,0.000000
6.351000,0.000000
6.352000,0.000000
6.353000,0.000000
6.354000,0.000000
6.355000,0.000000
6.356000,0.000000
6.357000,0.000000
6.358000,0.000000
6.359000,0.000000
6.360000,0.000000
6.361000,0.000000
6.362000,0.000000
6.363000,0.000000
6.364000,0.000000
6.365000,0.000000
6.366000,0.000000
6.367000,0.000000
6.368000,0.000000
6.369000,0.000000
6.370000,0.000000
6.371000,0.000000
6.372000,0.000000
6.373000,0.000000
6.374000,0.000000
6.375000,0.000000
6.376000,0.000000
6.377000,0.000000
6.378000,0.000000
6.379000,0.000000
6.380000,0.000000
6.381000,0.000000
6.382000,0.000000
6.383000,0.000000
6.384000,0.000000
6.385000,0.000000
6.386000,0.000000
6.387000,0.000000
6.388000,0.000000
6.389000,0.000000
6.390000,0.000000
6.391000,0.000000
6.392000,0.000000
6.393000,0.000000
6.394000,0.000000
6.395000,0.000000
6.396000,0.000000
6.397000,0.000000
6.398000,0.000000
6.399000,0.000000
6.400000,0.000000
6.401000,0.000000
6.402000,0.000000
6.403000,0.000000
6.404000,0.000000
6.405000,0.000000
6.406000,0.000000
6.407000,0.000000
6.408000,0.000000
6.409000,0.000000
6.410000,0.000000
6.411000,0.000000
6.412000,0.000000
6.413000,0.000000
6.414000,0.000000
6.415000,0.000000
6.416000,0.000000
6.417000,0.000000
6.418000,0.000000
6.419000,0.000000
6.420000,0.000000
6.421000,0.000000
6.422000,0.000000
6.423000,0.000000
6.424000,0.000000
6.425000,0.000000
6.426000,0.000000
6.427000,0.000000
6.428000,0.000000
6.429000,0.000000
6.430000,0.000000
6.431000,0.000000
6.432000,0.000000
6.433000,0.000000
6.434000,0.000000
6.435000,0.000000
6.436000,0.000000
6.437000,0.000000
6.438000,0.000000
6.439000,0.000000
6.440000,0.000000
6.441000,0.000000
6.442000,0.000000
6.443000,0.000000
6.444000,0.000000
6.445000,0.000000
6.446000,0.000000
6.447000,0.000000
6.448000,0.000000
6.449000,0.000000
6.450000,0.000000
6.451000,0.000000
6.452000,0.000000
6.453000,0.000000
6.454000,0.000000
6.455000,0.000000
6.456000,0.000000
6.457000,0.000000
6.458000,0.000000
6.459000,0.000000
6.460000,0.000000
6.461000,0.000000
6.462000,0.000000
6.463000,0.000000
6.464000,0.000000
6.465000,0.000000
6.466000,0.000000
6.467000,0.000000
6.468000,0.000000
6.469000,0.000000
6.470000,0.000000
6.471000,0.000000
6.472000,0.000000
6.473000,0.000000
6.474000,0.000000
6.475000,0.000000
6.476000,0.000000
6.477000,0.000000
6.478000,0.000000
6.479000,0.000000
6.480000,0.000000
6.481000,0.000000
6.482000,0.000000
6.483000,0.000000
6.484000,0.000000
6.485000,0.000000
6.486000,0.000000
6.487000,0.000000
6.488000,0.000000
6.489000,0.000000
6.490000,0.000000
6.491000,0.000000
6.492000,0.000000
6.493000,0.000000
6.494000,0.000000
6.495000,0.000000
6.496000,0.000000
6.497000,0.000000
6.498000,0.000000
6.499000,0.000000
6.500000,0.000000
6.501000,0.000000
6.502000,0.000000
6.503000,0.000000
6.504000,0.000000
6.505000,0.000000
6.506000,0.000000
6.507000,0.000000
6.508000,0.000000
6.509000,0.000000
6.510000,0.000000
6.511000,0.000000
6.512000,0.000000
6.513000,0.000000
6.514000,0.000000
6.515000,0.000000
6.516000,0.000000
6.517000,0.000000
6.518000,0.000000
6.519000,0.000000
6.520000,0.000000
6.521000,0.000000
6.522000,0.000000
6.523000,0.000000
6.524000,0.000000
6.525000,0.000000
6.526000,0.000000
6.527000,0.000000
6.528000,0.000000
6.529000,0.000000
6.530000,0.000000
6.531000,0.000000
6.532000,0.000000
6.533000,0.000000
6.534000,0.000000
6.535000,0.000000
6.536000,0.000000
6.537000,0.000000
6.538000,0.000000
6.539000,0.000000
6.540000,0.000000
6.541000,0.000000
6.542000,0.000000
6.543000,0.000000
6.544000,0.000000
6.545000,0.000000
6.546000,0.000000
6.547000,0.000000
6.548000,0.000000
6.549000,0.000000
6.550000,0.000000
6.551000,0.000000
6.552000,0.000000
6.553000,0.000000
6.554000,0.000000
6.555000,0.000000
6.556000,0.000000
6.557000,0.000000
6.558000,0.000000
6.559000,0.000000
6.560000,0.000000
6.561000,0.000000
6.562000,0.000000
6.563000,0.000000
6.564000,0.000000
6.565000,0.000000
6.566000,0.000000
6.567000,0.000000
6.568000,0.000000
6.569000,0.000000
6.570000,0.000000
6.571000,0.000000
6.572000,0.000000
6.573000,0.000000
6.574000,0.000000
6.575000,0.000000
6.576000,0.000000
6.577000,0.000000
6.578000,0.000000
6.579000,0.000000
6.580000,0.000000
6.581000,0.000000
6.582000,0.000000
6.583000,0.000000
6.584000,0.000000
6.585000,0.000000
6.586000,0.000000
6.587000,0.000000
6.588000,0.000000
6.589000,0.000000
6.590000,0.000000
6.591000,0.000000
6.592000,0.000000
6.593000,0.000000
6.594000,0.000000
6.595000,0.000000
6.596000,0.000000
6.597000,0.000000
6.598000,0.000000
6.599000,0.000000
6.600000,0.000000
6.601000,0.000000
6.602000,0.000000
6.603000,0.000000
6.604000,0.000000
6.605000,0.000000
6.606000,0.000000
6.607000,0.000000
6.608000,0.000000
6.609000,0.000000
6.610000,0.000000
6.611000,0.000000
6.612000,0.000000
6.613000,0.000000
6.614000,0.000000
6.615000,0.000000
6.616000,0.000000
6.617000,0.000000
6.618000,0.000000
6.619000,0.000000
6.620000,0.000000
6.621000,0.000000
6.622000,0.000000
6.623000,0.000000
6.624000,0.000000
6.625000,0.000000
6.626000,0.000000
6.627000,0.000000
6.628000,0.000000
6.629000,0.000000
6.630000,0.000000
6.631000,0.000000
6.632000,0.000000
6.633000,0.000000
6.634000,0.000000
6.635000,0.000000
6.636000,0.000000
6.637000,0.000000
6.638000,0.000000
6.639000,0.000000
6.640000,0.000000
6.641000,0.000000
6.642000,0.000000
6.643000,0.000000
6.644000,0.000000
6.645000,0.000000
6.646000,0.000000
6.647000,0.000000
6.648000,0.000000
6.649000,0.000000
6.650000,0.000000
6.651000,0.000000
6.652000,0.000000
6.653000,0.000000
6.654000,0.000000
6.655000,0.000000
6.656000,0.000000
6.657000,0.000000
6.658000,0.000000
6.659000,0.000000
6.660000,0.000000
6.661000,0.000000
6.662000,0.000000
6.663000,0.000000
6.664000,0.000000
6.665000,0.000000
6.666000,0.000000
6.667000,0.000000
6.668000,0.000000
6.669000,0.000000
6.670000,0.000000
6.671000,0.000000
6.672000,0.000000
6.673000,0.000000
6.674000,0.000000
6.675000,0.000000
6.676000,0.000000
6.677000,0.000000
6.678000,0.000000
6.679000,0.000000
6.680000,0.000000
6.681000,0.000000
6.682000,0.000000
6.683000,0.000000
6.684000,0.000000
6.685000,0.000000
6.686000,0.000000
6.687000,0.000000
6.688000,0.000000
6.689000,0.000000
6.690000,0.000000
6.691000,0.000000
6.692000,0.000000
6.693000,0.000000
6.694000,0.000000
6.695000,0.000000
6.696000,0.000000
6.697000,0.000000
6.698000,0.000000
6.699000,0.000000
6.700000,0.000000
6.701000,0.000000
6.702000,0.000000
6.703000,0.000000
6.704000,0.000000
6.705000,0.000000
6.706000,0.000000
6.707000,0.000000
6.708000,0.000000
6.709000,0.000000
6.710000,0.000000
6.711000,0.000000
6.712000,0.000000
6.713000,0.000000
6.714000,0.000000
6.715000,0.000000
6.716000,0.000000
6.717000,0.000000
6.718000,0.000000
6.719000,0.000000
6.720000,0.000000
6.721000,0.000000
6.722000,0.000000
6.723000,0.000000
6.724000,0.000000
6.725000,0.000000
6.726000,0.000000
6.727000,0.000000
6.728000,0.000000
6.729000,0.000000
6.730000,0.000000
6.731000,0.000000
6.732000,0.000000
6.733000,0.000000
6.734000,0.000000
6.735000,0.000000
6.736000,0.000000
6.737000,0.000000
6.738000,0.000000
6.739000,0.000000
6.740000,0.000000
6.741000,0.000000
6.742000,0.000000
6.743000,0.000000
6.744000,0.000000
6.745000,0.000000
6.746000,0.000000
6.747000,0.000000
6.748000,0.000000
6.749000,0.000000
6.750000,0.000000
6.751000,0.000000
6.752000,0.000000
6.753000,0.000000
6.754000,0.000000
6.755000,0.000000
6.756000,0.000000
6.757000,0.000000
6.758000,0.000000
6.759000,0.000000
6.760000,0.000000
6.761000,0.000000
6.762000,0.000000
6.763000,0.000000
6.764000,0.000000
6.765000,0.000000
6.766000,0.000000
6.767000,0.000000
6.768000,0.000000
6.769000,0.000000
6.770000,0.000000
6.771000,0.000000
6.772000,0.000000
6.773000,0.000000
6.774000,0.000000
6.775000,0.000000
6.776000,0.000000
6.777000,0.000000
6.778000,0.000000
6.779000,0.000000
6.780000,0.000000
6.781000,0.000000
6.782000,0.000000
6.783000,0.000000
6.784000,0.000000
6.785000,0.000000
6.786000,0.000000
6.787000,0.000000
6.788000,0.000000
6.789000,0.000000
6.790000,0.000000
6.791000,0.000000
6.792000,0.000000
6.793000,0.000000
6.794000,0.000000
6.795000,0.000000
6.796000,0.000000
6.797000,0.000000
6.798000,0.000000
6.799000,0.000000
6.800000,0.000000
6.801000,0.000000
6.802000,0.000000
6.803000,0.000000
6.804000,0.000000
6.805000,0.000000
6.806000,0.000000
6.807000,0.000000
6.808000,0.000000
6.809000,0.000000
6.810000,0.000000
6.811000,0.000000
6.812000,0.000000
6.813000,0.000000
6.814000,0.000000
6.815000,0.000000
6.816000,0.000000
6.817000,0.000000
6.818000,0.000000
6.819000,0.000000
6.820000,0.000000
6.821000,0.000000
6.822000,0.000000
6.823000,0.000000
6.824000,0.000000
6.825000,0.000000
6.826000,0.000000
6.827000,0.000000
6.828000,0.000000
6.829000,0.000000
6.830000,0.000000
6.831000,0.000000
6.832000,0.000000
6.833000,0.000000
6.834000,0.000000
6.835000,0.000000
6.836000,0.000000
6.837000,0.000000
6.838000,0.000000
6.839000,0.000000
6.840000,0.000000
6.841000,0.000000
6.842000,0.000000
6.843000,0.000000
6.844000,0.000000
6.845000,0.000000
6.846000,0.000000
6.847000,0.000000
6.848000,0.000000
6.849000,0.000000
6.850000,0.000000
6.851000,0.000000
6.852000,0.000000
6.853000,0.000000
6.854000,0.000000
6.855000,0.000000
6.856000,0.000000
6.857000,0.000000
6.858000,0.000000
6.859000,0.000000
6.860000,0.000000
6.861000,0.000000
6.862000,0.000000
6.863000,0.000000
6.864000,0.000000
6.865000,0.000000
6.866000,0.000000
6.867000,0.000000
6.868000,0.000000
6.869000,0.000000
6.870000,0.000000
6.871000,0.000000
6.872000,0.000000
6.873000,0.000000
6.874000,0.000000
6.875000,0.000000
6.876000,0.000000
6.877000,0.000000
6.878000,0.000000
6.879000,0.000000
6.880000,0.000000
6.881000,0.000000
6.882000,0.000000
6.883000,0.000000
6.884000,0.000000
6.885000,0.000000
6.886000,0.000000
6.887000,0.000000
6.888000,0.000000
6.889000,0.000000
6.890000,0.000000
6.891000,0.000000
6.892000,0.000000
6.893000,0.000000
6.894000,0.000000
6.895000,0.000000
6.896000,0.000000
6.897000,0.000000
6.898000,0.000000
6.899000,0.000000
6.900000,0.000000
6.901000,0.000000
6.902000,0.000000
6.903000,0.000000
6.904000,0.000000
6.905000,0.000000
6.906000,0.000000
6.907000,0.000000
6.908000,0.000000
6.909000,0.000000
6.910000,0.000000
6.911000,0.000000
6.912000,0.000000
6.913000,0.000000
6.914000,0.000000
6.915000,0.000000
6.916000,0.000000
6.917000,0.000000
6.918000,0.000000
6.919000,0.000000
6.920000,0.000000
6.921000,0.000000
6.922000,0.000000
6.923000,0.000000
6.924000,0.000000
6.925000,0.000000
6.926000,0.000000
6.927000,0.000000
6.928000,0.000000
6.929000,0.000000
6.930000,0.000000
6.931000,0.000000
6.932000,0.000000
6.933000,0.000000
6.934000,0.000000
6.935000,0.000000
6.936000,0.000000
6.937000,0.000000
6.938000,0.000000
6.939000,0.000000
6.940000,0.000000
6.941000,0.000000
6.942000,0.000000
6.943000,0.000000
6.944000,0.000000
6.945000,0.000000
6.946000,0.000000
6.947000,0.000000
6.948000,0.000000
6.949000,0.000000
6.950000,0.000000
6.951000,0.000000
6.952000,0.000000
6.953000,0.000000
6.954000,0.000000
6.955000,0.000000
6.956000,0.000000
6.957000,0.000000
6.958000,0.000000
6.959000,0.000000
6.960000,0.000000
6.961000,0.000000
6.962000,0.000000
6.963000,0.000000
6.964000,0.000000
6.965000,0.000000
6.966000,0.000000
6.967000,0.000000
6.968000,0.000000
6.969000,0.000000
6.970000,0.000000
6.971000,0.000000
6.972000,0.000000
6.973000,0.000000
6.974000,0.000000
6.975000,0.000000
6.976000,0.000000
6.977000,0.000000
6.978000,0.000000
6.979000,0.000000
6.980000,0.000000
6.981000,0.000000
6.982000,0.000000
6.983000,0.000000
6.984000,0.000000
6.985000,0.000000
6.986000,0.000000
6.987000,0.000000
6.988000,0.000000
6.989000,0.000000
6.990000,0.000000
6.991000,0.000000
6.992000,0.000000
6.993000,0.000000
6.994000,0.000000
6.995000,0.000000
6.996000,0.000000
6.997000,0.000000
6.998000,0.000000
6.999000,0.000000
7.000000,0.000000
7.001000,0.000000
7.002000,0.000000
7.003000,0.000000
7.004000,0.000000
7.005000,0.000000
7.006000,0.000000
7.007000,0.000000
7.008000,0.000000
7.009000,0.000000
7.010000,0.000000
7.011000,0.000000
7.012000,0.000000
7.013000,0.000000
7.014000,0.000000
7.015000,0.000000
7.016000,0.000000
7.017000,0.000000
7.018000,0.000000
7.019000,0.000000
7.020000,0.000000
7.021000,0.000000
7.022000,0.000000
7.023000,0.000000
7.024000,0.000000
7.025000,0.000000
7.026000,0.000000
7.027000,0.000000
7.028000,0.000000
7.029000,0.000000
7.030000,0.000000
7.031000,0.000000
7.032000,0.000000
7.033000,0.000000
7.034000,0.000000
7.035000,0.000000
7.036000,0.000000
7.037000,0.000000
7.038000,0.000000
7.039000,0.000000
7.040000,0.000000
7.041000,0.000000
7.042000,0.000000
7.043000,0.000000
7.044000,0.000000
7.045000,0.000000
7.046000,0.000000
7.047000,0.000000
7.048000,0.000000
7.049000,0.000000
7.050000,0.000000
7.051000,0.000000
7.052000,0.000000
7.053000,0.000000
7.054000,0.000000
7.055000,0.000000
7.056000,0.000000
7.057000,0.000000
7.058000,0.000000
7.059000,0.000000
7.060000,0.000000
7.061000,0.000000
7.062000,0.000000
7.063000,0.000000
7.064000,0.000000
7.065000,0.000000
7.066000,0.000000
7.067000,0.000000
7.068000,0.000000
7.069000,0.000000
7.070000,0.000000
7.071000,0.000000
7.072000,0.000000
7.073000,0.000000
7.074000,0.000000
7.075000,0.000000
7.076000,0.000000
7.077000,0.000000
7.078000,0.000000
7.079000,0.000000
7.080000,0.000000
7.081000,0.000000
7.082000,0.000000
7.083000,0.000000
7.084000,0.000000
7.085000,0.000000
7.086000,0.000000
7.087000,0.000000
7.088000,0.000000
7.089000,0.000000
7.090000,0.000000
7.091000,0.000000
7.092000,0.000000
7.093000,0.000000
7.094000,0.000000
7.095000,0.000000
7.096000,0.000000
7.097000,0.000000
7.098000,0.000000
7.099000,0.000000
7.100000,0.000000
7.101000,0.000000
7.102000,0.000000
7.103000,0.000000
7.104000,0.000000
7.105000,0.000000
7.106000,0.000000
7.107000,0.000000
7.108000,0.000000
7.109000,0.000000
7.110000,0.000000
7.111000,0.000000
7.112000,0.000000
7.113000,0.000000
7.114000,0.000000
7.115000,0.000000
7.116000,0.000000
7.117000,0.000000
7.118000,0.000000
7.119000,0.000000
7.120000,0.000000
7.121000,0.000000
7.122000,0.000000
7.123000,0.000000
7.124000,0.000000
7.125000,0.000000
7.126000,0.000000
7.127000,0.000000
7.128000,0.000000
7.129000,0.000000
7.130000,0.000000
7.131000,0.000000
7.132000,0.000000
7.133000,0.000000
7.134000,0.000000
7.135000,0.000000
7.136000,0.000000
7.137000,0.000000
7.138000,0.000000
7.139000,0.000000
7.140000,0.000000
7.141000,0.000000
7.142000,0.000000
7.143000,0.000000
7.144000,0.000000
7.145000,0.000000
7.146000,0.000000
7.147000,0.000000
7.148000,0.000000
7.149000,0.000000
7.150000,0.000000
7.151000,0.000000
7.152000,0.000000
7.153000,0.000000
7.154000,0.000000
7.155000,0.000000
7.156000,0.000000
7.157000,0.000000
7.158000,0.000000
7.159000,0.000000
7.160000,0.000000
7.161000,0.000000
7.162000,0.000000
7.163000,0.000000
7.164000,0.000000
7.165000,0.000000
7.166000,0.000000
7.167000,0.000000
7.168000,0.000000
7.169000,0.000000
7.170000,0.000000
7.171000,0.000000
7.172000,0.000000
7.173000,0.000000
7.174000,0.000000
7.175000,0.000000
7.176000,0.000000
7.177000,0.000000
7.178000,0.000000
7.179000,0.000000
7.180000,0.000000
7.181000,0.000000
7.182000,0.000000
7.183000,0.000000
7.184000,0.000000
7.185000,0.000000
7.186000,0.000000
7.187000,0.000000
7.188000,0.000000
7.189000,0.000000
7.190000,0.000000
7.191000,0.000000
7.192000,0.000000
7.193000,0.000000
7.194000,0.000000
7.195000,0.000000
7.196000,0.000000
7.197000,0.000000
7.198000,0.000000
7.199000,0.000000
7.200000,0.000000
7.201000,0.000000
7.202000,0.000000
7.203000,0.000000
7.204000,0.000000
7.205000,0.000000
7.206000,0.000000
7.207000,0.000000
7.208000,0.000000
7.209000,0.000000
7.210000,0.000000
7.211000,0.000000
7.212000,0.000000
7.213000,0.000000
7.214000,0.000000
7.215000,0.000000
7.216000,0.000000
7.217000,0.000000
7.218000,0.000000
7.219000,0.000000
7.220000,0.000000
7.221000,0.000000
7.222000,0.000000
7.223000,0.000000
7.224000,0.000000
7.225000,0.000000
7.226000,0.000000
7.227000,0.000000
7.228000,0.000000
7.229000,0.000000
7.230000,0.000000
7.231000,0.000000
7.232000,0.000000
7.233000,0.000000
7.234000,0.000000
7.235000,0.000000
7.236000,0.000000
7.237000,0.000000
7.238000,0.000000
7.239000,0.000000
7.240000,0.000000
7.241000,0.000000
7.242000,0.000000
7.243000,0.000000
7.244000,0.000000
7.245000,0.000000
7.246000,0.000000
7.247000,0.000000
7.248000,0.000000
7.249000,0.000000
7.250000,0.000000
7.251000,0.000000
7.252000,0.000000
7.253000,0.000000
7.254000,0.000000
7.255000,0.000000
7.256000,0.000000
7.257000,0.000000
7.258000,0.000000
7.259000,0.000000
7.260000,0.000000
7.261000,0.000000
7.262000,0.000000
7.263000,0.000000
7.264000,0.000000
7.265000,0.000000
7.266000,0.000000
7.267000,0.000000
7.268000,0.000000
7.269000,0.000000
7.270000,0.000000
7.271000,0.000000
7.272000,0.000000
7.273000,0.000000
7.274000,0.000000
7.275000,0.000000
7.276000,0.000000
7.277000,0.000000
7.278000,0.000000
7.279000,0.000000
7.280000,0.000000
7.281000,0.000000
7.282000,0.000000
7.283000,0.000000
7.284000,0.000000
7.285000,0.000000
7.286000,0.000000
7.287000,0.000000
7.288000,0.000000
7.289000,0.000000
7.290000,0.000000
7.291000,0.000000
7.292000,0.000000
7.293000,0.000000
7.294000,0.000000
7.295000,0.000000
7.296000,0.000000
7.297000,0.000000
7.298000,0.000000
7.299000,0.000000
7.300000,0.000000
7.301000,0.000000
7.302000,0.000000
7.303000,0.000000
7.304000,0.000000
7.305000,0.000000
7.306000,0.000000
7.307000,0.000000
7.308000,0.000000
7.309000,0.000000
7.310000,0.000000
7.311000,0.000000
7.312000,0.000000
7.313000,0.000000
7.314000,0.000000
7.315000,0.000000
7.316000,0.000000
7.317000,0.000000
7.318000,0.000000
7.319000,0.000000
7.320000,0.000000
7.321000,0.000000
7.322000,0.000000
7.323000,0.000000
7.324000,0.000000
7.325000,0.000000
7.326000,0.000000
7.327000,0.000000
7.328000,0.000000
7.329000,0.000000
7.330000,0.000000
7.331000,0.000000
7.332000,0.000000
7.333000,0.000000
7.334000,0.000000
7.335000,0.000000
7.336000,0.000000
7.337000,0.000000
7.338000,0.000000
7.339000,0.000000
7.340000,0.000000
7.341000,0.000000
7.342000,0.000000
7.343000,0.000000
7.344000,0.000000
7.345000,0.000000
7.346000,0.000000
7.347000,0.000000
7.348000,0.000000
7.349000,0.000000
7.350000,0.000000
7.351000,0.000000
7.352000,0.000000
7.353000,0.000000
7.354000,0.000000
7.355000,0.000000
7.356000,0.000000
7.357000,0.000000
7.358000,0.000000
7.359000,0.000000
7.360000,0.000000
7.361000,0.000000
7.362000,0.000000
7.363000,0.000000
7.364000,0.000000
7.365000,0.000000
7.366000,0.000000
7.367000,0.000000
7.368000,0.000000
7.369000,0.000000
7.370000,0.000000
7.371000,0.000000
7.372000,0.000000
7.373000,0.000000
7.374000,0.000000
7.375000,0.000000
7.376000,0.000000
7.377000,0.000000
7.378000,0.000000
7.379000,0.000000
7.380000,0.000000
7.381000,0.000000
7.382000,0.000000
7.383000,0.000000
7.384000,0.000000
7.385000,0.000000
7.386000,0.000000
7.387000,0.000000
7.388000,0.000000
7.389000,0.000000
7.390000,0.000000
7.391000,0.000000
7.392000,0.000000
7.393000,0.000000
7.394000,0.000000
7.395000,0.000000
7.396000,0.000000
7.397000,0.000000
7.398000,0.000000
7.399000,0.000000
7.400000,0.000000
7.401000,0.000000
7.402000,0.000000
7.403000,0.000000
7.404000,0.000000
7.405000,0.000000
7.406000,0.000000
7.407000,0.000000
7.408000,0.000000
7.409000,0.000000
7.410000,0.000000
7.411000,0.000000
7.412000,0.000000
7.413000,0.000000
7.414000,0.000000
7.415000,0.000000
7.416000,0.000000
7.417000,0.000000
7.418000,0.000000
7.419000,0.000000
7.420000,0.000000
7.421000,0.000000
7.422000,0.000000
7.423000,0.000000
7.424000,0.000000
7.425000,0.000000
7.426000,0.000000
7.427000,0.000000
7.428000,0.000000
7.429000,0.000000
7.430000,0.000000
7.431000,0.000000
7.432000,0.000000
7.433000,0.000000
7.434000,0.000000
7.435000,0.000000
7.436000,0.000000
7.437000,0.000000
7.438000,0.000000
7.439000,0.000000
7.440000,0.000000
7.441000,0.000000
7.442000,0.000000
7.443000,0.000000
7.444000,0.000000
7.445000,0.000000
7.446000,0.000000
7.447000,0.000000
7.448000,0.000000
7.449000,0.000000
7.450000,0.000000
7.451000,0.000000
7.452000,0.000000
7.453000,0.000000
7.454000,0.000000
7.455000,0.000000
7.456000,0.000000
7.457000,0.000000
7.458000,0.000000
7.459000,0.000000
7.460000,0.000000
7.461000,0.000000
7.462000,0.000000
7.463000,0.000000
7.464000,0.000000
7.465000,0.000000
7.466000,0.000000
7.467000,0.000000
7.468000,0.000000
7.469000,0.000000
7.470000,0.000000
7.471000,0.000000
7.472000,0.000000
7.473000,0.000000
7.474000,0.000000
7.475000,0.000000
7.476000,0.000000
7.477000,0.000000
7.478000,0.000000
7.479000,0.000000
7.480000,0.000000
7.481000,0.000000
7.482000,0.000000
7.483000,0.000000
7.484000,0.000000
7.485000,0.000000
7.486000,0.000000
7.487000,0.000000
7.488000,0.000000
7.489000,0.000000
7.490000,0.000000
7.491000,0.000000
7.492000,0.000000
7.493000,0.000000
7.494000,0.000000
7.495000,0.000000
7.496000,0.000000
7.497000,0.000000
7.498000,0.000000
7.499000,0.000000
7.500000,0.000000
7.501000,0.000000
7.502000,0.000000
7.503000,0.000000
7.504000,0.000000
7.505000,0.000000
7.506000,0.000000
7.507000,0.000000
7.508000,0.000000
7.509000,0.000000
7.510000,0.000000
7.511000,0.000000
7.512000,0.000000
7.513000,0.000000
7.514000,0.000000
7.515000,0.000000
7.516000,0.000000
7.517000,0.000000
7.518000,0.000000
7.519000,0.000000
7.520000,0.000000
7.521000,0.000000
7.522000,0.000000
7.523000,0.000000
7.524000,0.000000
7.525000,0.000000
7.526000,0.000000
7.527000,0.000000
7.528000,0.000000
7.529000,0.000000
7.530000,0.000000
7.531000,0.000000
7.532000,0.000000
7.533000,0.000000
7.534000,0.000000
7.535000,0.000000
7.536000,0.000000
7.537000,0.000000
7.538000,0.000000
7.539000,0.000000
7.540000,0.000000
7.541000,0.000000
7.542000,0.000000
7.543000,0.000000
7.544000,0.000000
7.545000,0.000000
7.546000,0.000000
7.547000,0.000000
7.548000,0.000000
7.549000,0.000000
7.550000,0.000000
7.551000,0.000000
7.552000,0.000000
7.553000,0.000000
7.554000,0.000000
7.555000,0.000000
7.556000,0.000000
7.557000,0.000000
7.558000,0.000000
7.559000,0.000000
7.560000,0.000000
7.561000,0.000000
7.562000,0.000000
7.563000,0.000000
7.564000,0.000000
7.565000,0.000000
7.566000,0.000000
7.567000,0.000000
7.568000,0.000000
7.569000,0.000000
7.570000,0.000000
7.571000,0.000000
7.572000,0.000000
7.573000,0.000000
7.574000,0.000000
7.575000,0.000000
7.576000,0.000000
7.577000,0.000000
7.578000,0.000000
7.579000,0.000000
7.580000,0.000000
7.581000,0.000000
7.582000,0.000000
7.583000,0.000000
7.584000,0.000000
7.585000,0.000000
7.586000,0.000000
7.587000,0.000000
7.588000,0.000000
7.589000,0.000000
7.590000,0.000000
7.591000,0.000000
7.592000,0.000000
7.593000,0.000000
7.594000,0.000000
7.595000,0.000000
7.596000,0.000000
7.597000,0.000000
7.598000,0.000000
7.599000,0.000000
7.600000,0.000000
7.601000,0.000000
7.602000,0.000000
7.603000,0.000000
7.604000,0.000000
7.605000,0.000000
7.606000,0.000000
7.607000,0.000000
7.608000,0.000000
7.609000,0.000000
7.610000,0.000000
7.611000,0.000000
7.612000,0.000000
7.613000,0.000000
7.614000,0.000000
7.615000,0.000000
7.616000,0.000000
7.617000,0.000000
7.618000,0.000000
7.619000,0.000000
7.620000,0.000000
7.621000,0.000000
7.622000,0.000000
7.623000,0.000000
7.624000,0.000000
7.625000,0.000000
7.626000,0.000000
7.627000,0.000000
7.628000,0.000000
7.629000,0.000000
7.630000,0.000000
7.631000,0.000000
7.632000,0.000000
7.633000,0.000000
7.634000,0.000000
7.635000,0.000000
7.636000,0.000000
7.637000,0.000000
7.638000,0.000000
7.639000,0.000000
7.640000,0.000000
7.641000,0.000000
7.642000,0.000000
7.643000,0.000000
7.644000,0.000000
7.645000,0.000000
7.646000,0.000000
7.647000,0.000000
7.648000,0.000000
7.649000,0.000000
7.650000,0.000000
7.651000,0.000000
7.652000,0.000000
7.653000,0.000000
7.654000,0.000000
7.655000,0.000000
7.656000,0.000000
7.657000,0.000000
7.658000,0.000000
7.659000,0.000000
7.660000,0.000000
7.661000,0.000000
7.662000,0.000000
7.663000,0.000000
7.664000,0.000000
7.665000,0.000000
7.666000,0.000000
7.667000,0.000000
7.668000,0.000000
7.669000,0.000000
7.670000,0.000000
7.671000,0.000000
7.672000,0.000000
7.673000,0.000000
7.674000,0.000000
7.675000,0.000000
7.676000,0.000000
7.677000,0.000000
7.678000,0.000000
7.679000,0.000000
7.680000,0.000000
7.681000,0.000000
7.682000,0.000000
7.683000,0.000000
7.684000,0.000000
7.685000,0.000000
7.686000,0.000000
7.687000,0.000000
7.688000,0.000000
7.689000,0.000000
7.690000,0.000000
7.691000,0.000000
7.692000,0.000000
7.693000,0.000000
7.694000,0.000000
7.695000,0.000000
7.696000,0.000000
7.697000,0.000000
7.698000,0.000000
7.699000,0.000000
7.700000,0.000000
7.701000,0.000000
7.702000,0.000000
7.703000,0.000000
7.704000,0.000000
7.705000,0.000000
7.706000,0.000000
7.707000,0.000000
7.708000,0.000000
7.709000,0.000000
7.710000,0.000000
7.711000,0.000000
7.712000,0.000000
7.713000,0.000000
7.714000,0.000000
7.715000,0.000000
7.716000,0.000000
7.717000,0.000000
7.718000,0.000000
7.719000,0.000000
7.720000,0.000000
7.721000,0.000000
7.722000,0.000000
7.723000,0.000000
7.724000,0.000000
7.725000,0.000000
7.726000,0.000000
7.727000,0.000000
7.728000,0.000000
7.729000,0.000000
7.730000,0.000000
7.731000,0.000000
7.732000,0.000000
7.733000,0.000000
7.734000,0.000000
7.735000,0.000000
7.736000,0.000000
7.737000,0.000000
7.738000,0.000000
7.739000,0.000000
7.740000,0.000000
7.741000,0.000000
7.742000,0.000000
7.743000,0.000000
7.744000,0.000000
7.745000,0.000000
7.746000,0.000000
7.747000,0.000000
7.748000,0.000000
7.749000,0.000000
7.750000,0.000000
7.751000,0.000000
7.752000,0.000000
7.753000,0.000000
7.754000,0.000000
7.755000,0.000000
7.756000,0.000000
7.757000,0.000000
7.758000,0.000000
7.759000,0.000000
7.760000,0.000000
7.761000,0.000000
7.762000,0.000000
7.763000,0.000000
7.764000,0.000000
7.765000,0.000000
7.766000,0.000000
7.767000,0.000000
7.768000,0.000000
7.769000,0.000000
7.770000,0.000000
7.771000,0.000000
7.772000,0.000000
7.773000,0.000000
7.774000,0.000000
7.775000,0.000000
7.776000,0.000000
7.777000,0.000000
7.778000,0.000000
7.779000,0.000000
7.780000,0.000000
7.781000,0.000000
7.782000,0.000000
7.783000,0.000000
7.784000,0.000000
7.785000,0.000000
7.786000,0.000000
7.787000,0.000000
7.788000,0.000000
7.789000,0.000000
7.790000,0.000000
7.791000,0.000000
7.792000,0.000000
7.793000,0.000000
7.794000,0.000000
7.795000,0.000000
7.796000,0.000000
7.797000,0.000000
7.798000,0.000000
7.799000,0.000000
7.800000,0.000000
7.801000,0.000000
7.802000,0.000000
7.803000,0.000000
7.804000,0.000000
7.805000,0.000000
7.806000,0.000000
7.807000,0.000000
7.808000,0.000000
7.809000,0.000000
7.810000,0.000000
7.811000,0.000000
7.812000,0.000000
7.813000,0.000000
7.814000,0.000000
7.815000,0.000000
7.816000,0.000000
7.817000,0.000000
7.818000,0.000000
7.819000,0.000000
7.820000,0.000000
7.821000,0.000000
7.822000,0.000000
7.823000,0.000000
7.824000,0.000000
7.825000,0.000000
7.826000,0.000000
7.827000,0.000000
7.828000,0.000000
7.829000,0.000000
7.830000,0.000000
7.831000,0.000000
7.832000,0.000000
7.833000,0.000000
7.834000,0.000000
7.835000,0.000000
7.836000,0.000000
7.837000,0.000000
7.838000,0.000000
7.839000,0.000000
7.840000,0.000000
7.841000,0.000000
7.842000,0.000000
7.843000,0.000000
7.844000,0.000000
7.845000,0.000000
7.846000,0.000000
7.847000,0.000000
7.848000,0.000000
7.849000,0.000000
7.850000,0.000000
7.851000,0.000000
7.852000,0.000000
7.853000,0.000000
7.854000,0.000000
7.855000,0.000000
7.856000,0.000000
7.857000,0.000000
7.858000,0.000000
7.859000,0.000000
7.860000,0.000000
7.861000,0.000000
7.862000,0.000000
7.863000,0.000000
7.864000,0.000000
7.865000,0.000000
7.866000,0.000000
7.867000,0.000000
7.868000,0.000000
7.869000,0.000000
7.870000,0.000000
7.871000,0.000000
7.872000,0.000000
7.873000,0.000000
7.874000,0.000000
7.875000,0.000000
7.876000,0.000000
7.877000,0.000000
7.878000,0.000000
7.879000,0.000000
7.880000,0.000000
7.881000,0.000000
7.882000,0.000000
7.883000,0.000000
7.884000,0.000000
7.885000,0.000000
7.886000,0.000000
7.887000,0.000000
7.888000,0.000000
7.889000,0.000000
7.890000,0.000000
7.891000,0.000000
7.892000,0.000000
7.893000,0.000000
7.894000,0.000000
7.895000,0.000000
7.896000,0.000000
7.897000,0.000000
7.898000,0.000000
7.899000,0.000000
7.900000,0.000000
7.901000,0.000000
7.902000,0.000000
7.903000,0.000000
7.904000,0.000000
7.905000,0.000000
7.906000,0.000000
7.907000,0.000000
7.908000,0.000000
7.909000,0.000000
7.910000,0.000000
7.911000,0.000000
7.912000,0.000000
7.913000,0.000000
7.914000,0.000000
7.915000,0.000000
7.916000,0.000000
7.917000,0.000000
7.918000,0.000000
7.919000,0.000000
7.920000,0.000000
7.921000,0.000000
7.922000,0.000000
7.923000,0.000000
7.924000,0.000000
7.925000,0.000000
7.926000,0.000000
7.927000,0.000000
7.928000,0.000000
7.929000,0.000000
7.930000,0.000000
7.931000,0.000000
7.932000,0.000000
7.933000,0.000000
7.934000,0.000000
7.935000,0.000000
7.936000,0.000000
7.937000,0.000000
7.938000,0.000000
7.939000,0.000000
7.940000,0.000000
7.941000,0.000000
7.942000,0.000000
7.943000,0.000000
7.944000,0.000000
7.945000,0.000000
7.946000,0.000000
7.947000,0.000000
7.948000,0.000000
7.949000,0.000000
7.950000,0.000000
7.951000,0.000000
7.952000,0.000000
7.953000,0.000000
7.954000,0.000000
7.955000,0.000000
7.956000,0.000000
7.957000,0.000000
7.958000,0.000000
7.959000,0.000000
7.960000,0.000000
7.961000,0.000000
7.962000,0.000000
7.963000,0.000000
7.964000,0.000000
7.965000,0.000000
7.966000,0.000000
7.967000,0.000000
7.968000,0.000000
7.969000,0.000000
7.970000,0.000000
7.971000,0.000000
7.972000,0.000000
7.973000,0.000000
7.974000,0.000000
7.975000,0.000000
7.976000,0.000000
7.977000,0.000000
7.978000,0.000000
7.979000,0.000000
7.980000,0.000000
7.981000,0.000000
7.982000,0.000000
7.983000,0.000000
7.984000,0.000000
7.985000,0.000000
7.986000,0.000000
7.987000,0.000000
7.988000,0.000000
7.989000,0.000000
7.990000,0.000000
7.991000,0.000000
7.992000,0.000000
7.993000,0.000000
7.994000,0.000000
7.995000,0.000000
7.996000,0.000000
7.997000,0.000000
7.998000,0.000000
7.999000,0.000000
8.000000,0.000000
8.001000,0.000000
8.002000,0.000000
8.003000,0.000000
8.004000,0.000000
8.005000,0.000000
8.006000,0.000000
8.007000,0.000000
8.008000,0.000000
8.009000,0.000000
8.010000,0.000000
8.011000,0.000000
8.012000,0.000000
8.013000,0.000000
8.014000,0.000000
8.015000,0.000000
8.016000,0.000000
8.017000,0.000000
8.018000,0.000000
8.019000,0.000000
8.020000,0.000000
8.021000,0.000000
8.022000,0.000000
8.023000,0.000000
8.024000,0.000000
8.025000,0.000000
8.026000,0.000000
8.027000,0.000000
8.028000,0.000000
8.029000,0.000000
8.030000,0.000000
8.031000,0.000000
8.032000,0.000000
8.033000,0.000000
8.034000,0.000000
8.035000,0.000000
8.036000,0.000000
8.037000,0.000000
8.038000,0.000000
8.039000,0.000000
8.040000,0.000000
8.041000,0.000000
8.042000,0.000000
8.043000,0.000000
8.044000,0.000000
8.045000,0.000000
8.046000,0.000000
8.047000,0.000000
8.048000,0.000000
8.049000,0.000000
8.050000,0.000000
8.051000,0.000000
8.052000,0.000000
8.053000,0.000000
8.054000,0.000000
8.055000,0.000000
8.056000,0.000000
8.057000,0.000000
8.058000,0.000000
8.059000,0.000000
8.060000,0.000000
8.061000,0.000000
8.062000,0.000000
8.063000,0.000000
8.064000,0.000000
8.065000,0.000000
8.066000,0.000000
8.067000,0.000000
8.068000,0.000000
8.069000,0.000000
8.070000,0.000000
8.071000,0.000000
8.072000,0.000000
8.073000,0.000000
8.074000,0.000000
8.075000,0.000000
8.076000,0.000000
8.077000,0.000000
8.078000,0.000000
8.079000,0.000000
8.080000,0.000000
8.081000,0.000000
8.082000,0.000000
8.083000,0.000000
8.084000,0.000000
8.085000,0.000000
8.086000,0.000000
8.087000,0.000000
8.088000,0.000000
8.089000,0.000000
8.090000,0.000000
8.091000,0.000000
8.092000,0.000000
8.093000,0.000000
8.094000,0.000000
8.095000,0.000000
8.096000,0.000000
8.097000,0.000000
8.098000,0.000000
8.099000,0.000000
8.100000,0.000000
8.101000,0.000000
8.102000,0.000000
8.103000,0.000000
8.104000,0.000000
8.105000,0.000000
8.106000,0.000000
8.107000,0.000000
8.108000,0.000000
8.109000,0.000000
8.110000,0.000000
8.111000,0.000000
8.112000,0.000000
8.113000,0.000000
8.114000,0.000000
8.115000,0.000000
8.116000,0.000000
8.117000,0.000000
8.118000,0.000000
8.119000,0.000000
8.120000,0.000000
8.121000,0.000000
8.122000,0.000000
8.123000,0.000000
8.124000,0.000000
8.125000,0.000000
8.126000,0.000000
8.127000,0.000000
8.128000,0.000000
8.129000,0.000000
8.130000,0.000000
8.131000,0.000000
8.132000,0.000000
8.133000,0.000000
8.134000,0.000000
8.135000,0.000000
8.136000,0.000000
8.137000,0.000000
8.138000,0.000000
8.139000,0.000000
